{"stat.pickup.minecraft.bone":27,"stat.leaveGame":11,"stat.mineBlock.minecraft.cobblestone":10,"stat.pickup.minecraft.flint":4,"stat.mineBlock.srparasites.gore":8,"stat.pickup.gravestone.death_info":3,"stat.pickup.spartanweaponry.longsword_stone":5,"stat.swimOneCm":21084,"stat.useItem.spartanweaponry.rapier_iron":116,"stat.mineBlock.minecraft.web":9,"stat.pickup.spartanshields.shield_basic_iron":3,"stat.mineBlock.quark.roots":3,"stat.mineBlock.gravestone.gravestone":4,"stat.useItem.minecraft.dirt":3,"stat.useItem.minecraft.stone_slab2":10,"stat.pickup.spartanweaponry.rapier_iron":3,"stat.pickup.minecraft.iron_boots":3,"stat.useItem.minecraft.water_bucket":12,"stat.mineBlock.minecraft.stone_brick_stairs":1,"stat.pickup.minecraft.rotten_flesh":12,"stat.craftItem.minecraft.furnace":1,"stat.pickup.minecraft.name_tag":3,"stat.craftItem.minecraft.stone_pickaxe":1,"stat.craftItem.minecraft.cooked_beef":3,"stat.pickup.minecraft.cobblestone":361,"stat.craftItem.minecraft.stone_sword":1,"stat.flyOneCm":70837,"stat.useItem.spartanweaponry.battleaxe_stone":39,"stat.useItem.minecraft.cooked_beef":8,"stat.mineBlock.minecraft.iron_ore":30,"stat.timeSinceDeath":1896,"stat.useItem.minecraft.iron_pickaxe":64,"stat.craftItem.minecraft.wooden_pickaxe":1,"stat.pickup.minecraft.mutton":4,"stat.pickup.minecraft.mossy_cobblestone":12,"stat.pickup.minecraft.stonebrick":50,"stat.furnaceInteraction":37,"stat.mineBlock.minecraft.rail":1,"stat.drop.minecraft.dirt":4,"stat.craftItem.spartanweaponry.material":1,"stat.killEntity.ZombieVillager":2,"stat.mineBlock.minecraft.coal_ore":27,"stat.pickup.srparasites.lurecomponent1":49,"stat.killEntity.Creeper":3,"stat.pickup.minecraft.string":41,"stat.pickup.minecraft.beef":35,"stat.pickup.minecraft.furnace":20,"stat.craftItem.minecraft.stone_slab2":0,"stat.sprintOneCm":201055,"stat.pickup.minecraft.iron_chestplate":3,"stat.pickup.futuremc.lily_of_the_valley":1,"stat.mineBlock.minecraft.crafting_table":2,"stat.pickup.minecraft.pumpkin_seeds":6,"stat.pickup.minecraft.emerald":16,"stat.pickup.dynamictrees.oakseed":2,"stat.useItem.minecraft.beef":4,"stat.deaths":6,"stat.drop":4,"stat.playOneMinute":98013,"stat.killEntity.Sheep":1,"stat.craftItem.minecraft.iron_pickaxe":1,"stat.killEntity.Zombie":3,"stat.mineBlock.minecraft.gold_ore":3,"stat.mineBlock.minecraft.tallgrass":1,"stat.diveOneCm":7508,"stat.mineBlock.minecraft.mossy_cobblestone":4,"stat.craftItem.spartanweaponry.rapier_iron":1,"stat.pickup.spartanweaponry.battleaxe_stone":4,"stat.pickup.minecraft.gravel":2,"stat.pickup.minecraft.arrow":28,"stat.useItem.minecraft.rotten_flesh":5,"stat.pickup.minecraft.stone_brick_stairs":3,"stat.jump":922,"stat.pickup.minecraft.coal":195,"stat.pickup.minecraft.iron_helmet":3,"stat.fallOneCm":8191,"stat.pickup.minecraft.iron_ingot":54,"stat.pickup.minecraft.melon_seeds":12,"stat.pickup.minecraft.gunpowder":16,"stat.crouchOneCm":16873,"stat.pickup.minecraft.rail":18,"stat.craftItem.minecraft.torch":4,"stat.craftItem.minecraft.iron_ingot":28,"stat.pickup.minecraft.dirt":11,"stat.craftingTableInteraction":24,"stat.pickup.minecraft.iron_ore":93,"stat.pickup.minecraft.gold_ore":12,"stat.useItem.spartanweaponry.longsword_stone":1,"stat.pickup.minecraft.wooden_pickaxe":1,"stat.damageTaken":1801,"stat.pickup.minecraft.leather":20,"stat.mineBlock.minecraft.torch":5,"stat.mineBlock.minecraft.furnace":5,"stat.useItem.minecraft.wooden_pickaxe":47,"stat.pickup.minecraft.planks":3,"stat.pickup.minecraft.iron_leggings":3,"stat.mineBlock.minecraft.gravel":3,"stat.useItem.minecraft.stone_pickaxe":131,"stat.useItem.minecraft.stone_sword":18,"stat.damageDealt":9002,"stat.killEntity.Cow":5,"stat.mineBlock.minecraft.dirt":10,"stat.pickup.toughasnails.ice_cube":4,"stat.walkOneCm":380670,"stat.useItem.minecraft.torch":5,"stat.pickup.dynamictrees.birchseed":58,"stat.pickup.minecraft.stick":9,"stat.pickup.minecraft.crafting_table":8,"stat.useItem.minecraft.cobblestone":17,"stat.craftItem.minecraft.crafting_table":1,"stat.useItem.minecraft.lava_bucket":1,"stat.mineBlock.quark.stone_speleothem":2,"stat.mineBlock.minecraft.emerald_ore":4,"stat.pickup.minecraft.log":15,"stat.pickup.quark.root_flower":4,"stat.pickup.minecraft.iron_pickaxe":3,"stat.pickup.minecraft.cooked_beef":5,"stat.killEntity.Skeleton":4,"stat.craftItem.minecraft.bucket":1,"stat.mineBlock.minecraft.stonebrick":8,"stat.craftItem.minecraft.planks":8,"stat.pickup.minecraft.stone_sword":2,"stat.killEntity.quark:dweller":1,"stat.mobKills":62,"stat.pickup.minecraft.water_bucket":3,"stat.pickup.minecraft.beetroot_seeds":12,"stat.pickup.minecraft.torch":6,"stat.sneakTime":6313,"stat.pickup.minecraft.wool":2,"stat.pickup.minecraft.yellow_flower":4,"stat.killEntity.quark:ashen":1,"stat.mineBlock.minecraft.stone":141}