{"stat.walkOneCm":34281,"stat.pickup.dynamictrees.birchseed":3,"stat.pickup.minecraft.stick":2,"stat.craftItem.minecraft.planks":44,"stat.leaveGame":9,"stat.damageTaken":155,"stat.pickup.minecraft.stone_pickaxe":1,"stat.craftItem.minecraft.crafting_table":1,"stat.craftItem.minecraft.stone_pickaxe":1,"stat.pickup.minecraft.cobblestone":109,"stat.pickup.minecraft.log":11,"stat.flyOneCm":5832,"stat.jump":81,"stat.playOneMinute":10616,"stat.useItem.minecraft.stone_pickaxe":111,"stat.damageDealt":20,"stat.timeSinceDeath":10616,"stat.sprintOneCm":21234,"stat.useItem.minecraft.stone_slab2":2,"stat.mineBlock.minecraft.stone":112,"stat.mineBlock.minecraft.tallgrass":1,"stat.craftingTableInteraction":2}