{"stat.chestOpened":5,"stat.walkOneCm":64329,"stat.pickup.dynamictrees.birchseed":3,"stat.drop.gravestone.death_info":1,"stat.pickup.minecraft.stick":2,"stat.leaveGame":9,"stat.pickup.minecraft.gravel":1,"stat.mineBlock.minecraft.cobblestone":1,"stat.pickup.minecraft.stone_pickaxe":1,"stat.useItem.minecraft.cobblestone":3,"stat.craftItem.minecraft.crafting_table":1,"stat.furnaceInteraction":4,"stat.useItem.minecraft.cooked_porkchop":3,"stat.mineBlock.minecraft.coal_ore":18,"stat.pickup.minecraft.log":11,"stat.jump":197,"stat.pickup.minecraft.coal":18,"stat.fallOneCm":480,"stat.craftItem.minecraft.stone_slab2":0,"stat.crouchOneCm":802,"stat.craftItem.minecraft.iron_ingot":9,"stat.sprintOneCm":26830,"stat.useItem.minecraft.stone_slab2":2,"stat.mineBlock.minecraft.stone_slab":1,"stat.craftItem.minecraft.stick":4,"stat.craftingTableInteraction":6,"stat.pickup.minecraft.iron_ore":16,"stat.craftItem.minecraft.planks":44,"stat.damageTaken":593,"stat.craftItem.minecraft.stone_pickaxe":1,"stat.pickup.minecraft.cobblestone":143,"stat.mobKills":1,"stat.craftItem.minecraft.wooden_sword":1,"stat.flyOneCm":10888,"stat.deaths":1,"stat.drop":1,"stat.playOneMinute":23216,"stat.useItem.minecraft.wooden_sword":3,"stat.pickup.minecraft.torch":1,"stat.useItem.minecraft.stone_pickaxe":180,"stat.pickup.minecraft.red_flower":1,"stat.sneakTime":364,"stat.craftItem.minecraft.iron_pickaxe":1,"stat.damageDealt":122,"stat.mineBlock.minecraft.iron_ore":16,"stat.timeSinceDeath":1711,"stat.mineBlock.minecraft.stone":140,"stat.mineBlock.minecraft.tallgrass":1,"stat.craftItem.minecraft.iron_sword":1}