{"stat.pickup.minecraft.sand":8,"stat.walkOneCm":49004,"stat.pickup.minecraft.bone":3,"stat.drop.toughasnails.purified_water_bottle":1,"stat.leaveGame":2,"stat.pickup.minecraft.arrow":3,"stat.pickup.toughasnails.purified_water_bottle":2,"stat.pickup.minecraft.wooden_pickaxe":1,"stat.damageTaken":518,"stat.furnaceInteraction":3,"stat.craftItem.minecraft.stone_pickaxe":1,"stat.useItem.minecraft.wooden_pickaxe":28,"stat.pickup.minecraft.cobblestone":55,"stat.pickup.srparasites.lurecomponent1":1,"stat.pickup.minecraft.planks":2,"stat.flyOneCm":2973,"stat.deaths":2,"stat.drop":1,"stat.jump":84,"stat.swimOneCm":2064,"stat.useItem.minecraft.sand":7,"stat.mineBlock.minecraft.sand":1,"stat.playOneMinute":20733,"stat.fallOneCm":1368,"stat.useItem.minecraft.stone_pickaxe":42,"stat.sneakTime":652,"stat.damageDealt":10,"stat.crouchOneCm":1007,"stat.mineBlock.minecraft.iron_ore":8,"stat.timeSinceDeath":0,"stat.pickup.minecraft.ender_pearl":1,"stat.sprintOneCm":13667,"stat.useItem.minecraft.stone_slab2":1,"stat.mineBlock.minecraft.stone":62,"stat.diveOneCm":5356,"stat.craftItem.minecraft.stick":4,"stat.craftingTableInteraction":3,"stat.pickup.minecraft.iron_ore":8}