{"stat.mineBlock.minecraft.mossy_cobblestone":4,"stat.pickup.spartanweaponry.battleaxe_stone":1,"stat.pickup.minecraft.gravel":2,"stat.leaveGame":3,"stat.mineBlock.minecraft.cobblestone":5,"stat.pickup.minecraft.flint":1,"stat.pickup.spartanweaponry.longsword_stone":1,"stat.useItem.minecraft.rotten_flesh":5,"stat.pickup.minecraft.stone_brick_stairs":1,"stat.jump":285,"stat.swimOneCm":2575,"stat.pickup.minecraft.coal":3,"stat.fallOneCm":2305,"stat.pickup.minecraft.melon_seeds":4,"stat.pickup.minecraft.gunpowder":1,"stat.crouchOneCm":12394,"stat.craftItem.minecraft.torch":4,"stat.craftItem.minecraft.iron_ingot":28,"stat.useItem.minecraft.stone_slab2":5,"stat.useItem.minecraft.water_bucket":5,"stat.craftingTableInteraction":19,"stat.pickup.minecraft.iron_ore":9,"stat.mineBlock.minecraft.stone_brick_stairs":1,"stat.pickup.minecraft.rotten_flesh":5,"stat.craftItem.minecraft.furnace":1,"stat.damageTaken":470,"stat.craftItem.minecraft.stone_pickaxe":1,"stat.mineBlock.minecraft.torch":3,"stat.useItem.minecraft.wooden_pickaxe":45,"stat.craftItem.minecraft.cooked_beef":3,"stat.pickup.minecraft.cobblestone":131,"stat.craftItem.minecraft.stone_sword":1,"stat.flyOneCm":14221,"stat.useItem.spartanweaponry.battleaxe_stone":39,"stat.mineBlock.minecraft.gravel":3,"stat.useItem.minecraft.stone_pickaxe":116,"stat.useItem.minecraft.cooked_beef":4,"stat.damageDealt":2049,"stat.mineBlock.minecraft.iron_ore":9,"stat.timeSinceDeath":42629,"stat.craftItem.minecraft.wooden_pickaxe":1,"stat.pickup.minecraft.mossy_cobblestone":3,"stat.pickup.toughasnails.ice_cube":1,"stat.walkOneCm":166723,"stat.useItem.minecraft.torch":5,"stat.pickup.dynamictrees.birchseed":11,"stat.pickup.minecraft.stick":9,"stat.pickup.minecraft.crafting_table":1,"stat.useItem.minecraft.cobblestone":14,"stat.pickup.minecraft.stonebrick":11,"stat.craftItem.minecraft.crafting_table":1,"stat.furnaceInteraction":29,"stat.useItem.minecraft.lava_bucket":1,"stat.mineBlock.minecraft.coal_ore":7,"stat.mineBlock.quark.stone_speleothem":2,"stat.pickup.srparasites.lurecomponent1":5,"stat.killEntity.Creeper":1,"stat.pickup.minecraft.log":15,"stat.pickup.minecraft.beef":1,"stat.craftItem.minecraft.stone_slab2":0,"stat.sprintOneCm":51405,"stat.pickup.minecraft.cooked_beef":5,"stat.craftItem.minecraft.bucket":1,"stat.mineBlock.minecraft.stonebrick":8,"stat.craftItem.minecraft.planks":8,"stat.mineBlock.minecraft.crafting_table":1,"stat.mobKills":13,"stat.pickup.dynamictrees.oakseed":2,"stat.pickup.minecraft.beetroot_seeds":4,"stat.playOneMinute":42629,"stat.pickup.minecraft.torch":2,"stat.sneakTime":3645,"stat.killEntity.Zombie":1,"stat.pickup.minecraft.yellow_flower":1,"stat.mineBlock.minecraft.stone":121,"stat.diveOneCm":386}