{"stat.walkOneCm":67498,"stat.useItem.minecraft.torch":5,"stat.pickup.dynamictrees.birchseed":11,"stat.pickup.minecraft.stick":6,"stat.pickup.spartanweaponry.battleaxe_stone":1,"stat.pickup.minecraft.gravel":2,"stat.pickup.minecraft.crafting_table":1,"stat.useItem.minecraft.cobblestone":6,"stat.craftItem.minecraft.crafting_table":1,"stat.pickup.minecraft.flint":1,"stat.furnaceInteraction":3,"stat.mineBlock.minecraft.coal_ore":7,"stat.mineBlock.quark.stone_speleothem":2,"stat.killEntity.Creeper":1,"stat.pickup.minecraft.log":15,"stat.jump":165,"stat.pickup.minecraft.coal":3,"stat.fallOneCm":544,"stat.craftItem.minecraft.stone_slab2":0,"stat.pickup.minecraft.gunpowder":1,"stat.crouchOneCm":9739,"stat.craftItem.minecraft.torch":4,"stat.craftItem.minecraft.iron_ingot":3,"stat.sprintOneCm":37501,"stat.useItem.minecraft.stone_slab2":5,"stat.useItem.minecraft.water_bucket":1,"stat.craftingTableInteraction":10,"stat.pickup.minecraft.iron_ore":3,"stat.craftItem.minecraft.furnace":1,"stat.craftItem.minecraft.bucket":1,"stat.craftItem.minecraft.planks":8,"stat.damageTaken":50,"stat.mineBlock.minecraft.crafting_table":1,"stat.craftItem.minecraft.stone_pickaxe":1,"stat.mineBlock.minecraft.torch":2,"stat.useItem.minecraft.wooden_pickaxe":45,"stat.pickup.minecraft.cobblestone":102,"stat.mobKills":2,"stat.pickup.dynamictrees.oakseed":2,"stat.craftItem.minecraft.stone_sword":1,"stat.flyOneCm":7786,"stat.useItem.spartanweaponry.battleaxe_stone":5,"stat.playOneMinute":19819,"stat.pickup.minecraft.torch":2,"stat.mineBlock.minecraft.gravel":3,"stat.useItem.minecraft.stone_pickaxe":71,"stat.sneakTime":2640,"stat.damageDealt":290,"stat.timeSinceDeath":19819,"stat.craftItem.minecraft.wooden_pickaxe":1,"stat.mineBlock.minecraft.stone":103}