{"stat.chestOpened":20,"stat.walkOneCm":84641,"stat.pickup.dynamictrees.birchseed":3,"stat.drop.gravestone.death_info":1,"stat.pickup.minecraft.stick":8,"stat.leaveGame":9,"stat.pickup.minecraft.gravel":1,"stat.mineBlock.minecraft.cobblestone":1,"stat.craftItem.minecraft.cooked_porkchop":3,"stat.pickup.minecraft.stone_pickaxe":1,"stat.useItem.minecraft.cobblestone":4,"stat.craftItem.minecraft.crafting_table":1,"stat.furnaceInteraction":12,"stat.useItem.minecraft.cooked_porkchop":6,"stat.mineBlock.minecraft.coal_ore":18,"stat.pickup.minecraft.log":22,"stat.jump":267,"stat.pickup.minecraft.coal":18,"stat.fallOneCm":898,"stat.craftItem.minecraft.stone_slab2":0,"stat.crouchOneCm":2814,"stat.craftItem.minecraft.iron_ingot":9,"stat.pickup.minecraft.dirt":1,"stat.sprintOneCm":37725,"stat.useItem.minecraft.stone_slab2":4,"stat.mineBlock.minecraft.stone_slab":1,"stat.craftItem.minecraft.stick":12,"stat.craftingTableInteraction":14,"stat.pickup.minecraft.iron_ore":24,"stat.craftItem.minecraft.planks":44,"stat.damageTaken":808,"stat.craftItem.minecraft.stone_pickaxe":3,"stat.pickup.minecraft.cobblestone":189,"stat.mobKills":1,"stat.craftItem.minecraft.wooden_sword":1,"stat.flyOneCm":14263,"stat.deaths":1,"stat.drop":1,"stat.playOneMinute":34916,"stat.useItem.minecraft.wooden_sword":3,"stat.pickup.minecraft.torch":1,"stat.useItem.minecraft.stone_pickaxe":231,"stat.pickup.minecraft.red_flower":1,"stat.sneakTime":2075,"stat.craftItem.minecraft.iron_pickaxe":1,"stat.damageDealt":132,"stat.craftItem.minecraft.glass":4,"stat.mineBlock.minecraft.iron_ore":24,"stat.timeSinceDeath":13411,"stat.mineBlock.minecraft.stone":184,"stat.mineBlock.minecraft.tallgrass":1,"stat.craftItem.minecraft.iron_sword":1}