{"stat.pickup.minecraft.sand":8,"stat.walkOneCm":42993,"stat.drop.toughasnails.purified_water_bottle":1,"stat.leaveGame":1,"stat.pickup.toughasnails.purified_water_bottle":2,"stat.pickup.minecraft.wooden_pickaxe":1,"stat.damageTaken":120,"stat.furnaceInteraction":3,"stat.craftItem.minecraft.stone_pickaxe":1,"stat.useItem.minecraft.wooden_pickaxe":28,"stat.pickup.minecraft.cobblestone":55,"stat.pickup.minecraft.planks":2,"stat.flyOneCm":81,"stat.drop":1,"stat.jump":63,"stat.swimOneCm":1975,"stat.useItem.minecraft.sand":7,"stat.mineBlock.minecraft.sand":1,"stat.playOneMinute":14263,"stat.fallOneCm":962,"stat.useItem.minecraft.stone_pickaxe":42,"stat.sneakTime":432,"stat.damageDealt":10,"stat.crouchOneCm":557,"stat.mineBlock.minecraft.iron_ore":8,"stat.timeSinceDeath":14263,"stat.sprintOneCm":3224,"stat.useItem.minecraft.stone_slab2":1,"stat.mineBlock.minecraft.stone":62,"stat.diveOneCm":5356,"stat.craftItem.minecraft.stick":4,"stat.craftingTableInteraction":3,"stat.pickup.minecraft.iron_ore":8}