{"stat.chestOpened":25,"stat.walkOneCm":115075,"stat.pickup.dynamictrees.birchseed":8,"stat.drop.gravestone.death_info":1,"stat.pickup.minecraft.stick":32,"stat.leaveGame":10,"stat.pickup.minecraft.gravel":1,"stat.mineBlock.minecraft.cobblestone":1,"stat.craftItem.minecraft.cooked_porkchop":3,"stat.pickup.minecraft.crafting_table":1,"stat.pickup.minecraft.stone_pickaxe":1,"stat.useItem.minecraft.cobblestone":4,"stat.craftItem.minecraft.crafting_table":2,"stat.furnaceInteraction":12,"stat.useItem.minecraft.cooked_porkchop":6,"stat.mineBlock.minecraft.coal_ore":18,"stat.mineBlock.srparasites.gore":1,"stat.pickup.minecraft.log":58,"stat.jump":298,"stat.pickup.minecraft.coal":18,"stat.useItem.dynamictrees.birchseed":1,"stat.fallOneCm":898,"stat.craftItem.minecraft.stone_slab2":0,"stat.crouchOneCm":3723,"stat.craftItem.minecraft.iron_ingot":9,"stat.pickup.minecraft.dirt":1,"stat.sprintOneCm":45662,"stat.useItem.minecraft.stone_slab2":5,"stat.mineBlock.minecraft.stone_slab":1,"stat.craftItem.minecraft.stick":12,"stat.craftItem.minecraft.wooden_axe":1,"stat.craftingTableInteraction":19,"stat.pickup.minecraft.iron_ore":24,"stat.craftItem.minecraft.planks":60,"stat.damageTaken":1093,"stat.mineBlock.minecraft.crafting_table":1,"stat.craftItem.minecraft.stone_pickaxe":4,"stat.pickup.minecraft.cobblestone":189,"stat.mobKills":1,"stat.craftItem.minecraft.wooden_sword":1,"stat.pickup.dynamictrees.oakseed":18,"stat.craftItem.minecraft.stone_sword":1,"stat.flyOneCm":15024,"stat.deaths":2,"stat.drop":1,"stat.playOneMinute":45271,"stat.useItem.minecraft.wooden_sword":3,"stat.pickup.minecraft.torch":1,"stat.useItem.minecraft.stone_pickaxe":231,"stat.pickup.minecraft.red_flower":1,"stat.sneakTime":2400,"stat.craftItem.minecraft.iron_pickaxe":1,"stat.useItem.minecraft.stone_sword":3,"stat.damageDealt":234,"stat.craftItem.minecraft.glass":4,"stat.mineBlock.minecraft.iron_ore":24,"stat.timeSinceDeath":4640,"stat.useItem.minecraft.wooden_axe":10,"stat.mineBlock.minecraft.stone":184,"stat.mineBlock.minecraft.tallgrass":5,"stat.craftItem.minecraft.iron_sword":1}