{"stat.pickup.minecraft.bone":16,"stat.leaveGame":8,"stat.mineBlock.minecraft.cobblestone":10,"stat.pickup.minecraft.flint":2,"stat.mineBlock.srparasites.gore":6,"stat.pickup.gravestone.death_info":1,"stat.pickup.spartanweaponry.longsword_stone":3,"stat.swimOneCm":20424,"stat.useItem.spartanweaponry.rapier_iron":102,"stat.mineBlock.minecraft.web":9,"stat.pickup.spartanshields.shield_basic_iron":2,"stat.mineBlock.quark.roots":3,"stat.mineBlock.gravestone.gravestone":1,"stat.useItem.minecraft.dirt":3,"stat.useItem.minecraft.stone_slab2":10,"stat.pickup.spartanweaponry.rapier_iron":1,"stat.pickup.minecraft.iron_boots":2,"stat.useItem.minecraft.water_bucket":12,"stat.mineBlock.minecraft.stone_brick_stairs":1,"stat.pickup.minecraft.rotten_flesh":12,"stat.craftItem.minecraft.furnace":1,"stat.pickup.minecraft.name_tag":1,"stat.craftItem.minecraft.stone_pickaxe":1,"stat.craftItem.minecraft.cooked_beef":3,"stat.pickup.minecraft.cobblestone":225,"stat.craftItem.minecraft.stone_sword":1,"stat.flyOneCm":60672,"stat.useItem.spartanweaponry.battleaxe_stone":39,"stat.useItem.minecraft.cooked_beef":8,"stat.mineBlock.minecraft.iron_ore":30,"stat.timeSinceDeath":9005,"stat.useItem.minecraft.iron_pickaxe":64,"stat.craftItem.minecraft.wooden_pickaxe":1,"stat.pickup.minecraft.mossy_cobblestone":6,"stat.pickup.minecraft.stonebrick":28,"stat.furnaceInteraction":37,"stat.mineBlock.minecraft.rail":1,"stat.drop.minecraft.dirt":4,"stat.craftItem.spartanweaponry.material":1,"stat.killEntity.ZombieVillager":2,"stat.mineBlock.minecraft.coal_ore":27,"stat.pickup.srparasites.lurecomponent1":25,"stat.killEntity.Creeper":3,"stat.pickup.minecraft.string":19,"stat.pickup.minecraft.beef":4,"stat.pickup.minecraft.furnace":10,"stat.craftItem.minecraft.stone_slab2":0,"stat.sprintOneCm":173830,"stat.pickup.minecraft.iron_chestplate":2,"stat.mineBlock.minecraft.crafting_table":2,"stat.pickup.minecraft.pumpkin_seeds":3,"stat.pickup.minecraft.emerald":8,"stat.pickup.dynamictrees.oakseed":2,"stat.deaths":5,"stat.drop":4,"stat.playOneMinute":88436,"stat.craftItem.minecraft.iron_pickaxe":1,"stat.killEntity.Zombie":3,"stat.mineBlock.minecraft.gold_ore":3,"stat.diveOneCm":5756,"stat.mineBlock.minecraft.mossy_cobblestone":4,"stat.craftItem.spartanweaponry.rapier_iron":1,"stat.pickup.spartanweaponry.battleaxe_stone":2,"stat.pickup.minecraft.gravel":2,"stat.pickup.minecraft.arrow":14,"stat.useItem.minecraft.rotten_flesh":5,"stat.pickup.minecraft.stone_brick_stairs":2,"stat.jump":791,"stat.pickup.minecraft.coal":99,"stat.pickup.minecraft.iron_helmet":2,"stat.fallOneCm":7026,"stat.pickup.minecraft.iron_ingot":18,"stat.pickup.minecraft.melon_seeds":6,"stat.pickup.minecraft.gunpowder":8,"stat.crouchOneCm":16744,"stat.pickup.minecraft.rail":12,"stat.craftItem.minecraft.torch":4,"stat.craftItem.minecraft.iron_ingot":28,"stat.pickup.minecraft.dirt":10,"stat.craftingTableInteraction":24,"stat.pickup.minecraft.iron_ore":51,"stat.pickup.minecraft.gold_ore":6,"stat.useItem.spartanweaponry.longsword_stone":1,"stat.pickup.minecraft.wooden_pickaxe":1,"stat.damageTaken":1703,"stat.mineBlock.minecraft.torch":5,"stat.mineBlock.minecraft.furnace":5,"stat.useItem.minecraft.wooden_pickaxe":47,"stat.pickup.minecraft.planks":1,"stat.pickup.minecraft.iron_leggings":2,"stat.mineBlock.minecraft.gravel":3,"stat.useItem.minecraft.stone_pickaxe":131,"stat.useItem.minecraft.stone_sword":18,"stat.damageDealt":8287,"stat.mineBlock.minecraft.dirt":7,"stat.pickup.toughasnails.ice_cube":2,"stat.walkOneCm":331341,"stat.useItem.minecraft.torch":5,"stat.pickup.dynamictrees.birchseed":22,"stat.pickup.minecraft.stick":9,"stat.pickup.minecraft.crafting_table":4,"stat.useItem.minecraft.cobblestone":17,"stat.craftItem.minecraft.crafting_table":1,"stat.useItem.minecraft.lava_bucket":1,"stat.mineBlock.quark.stone_speleothem":2,"stat.mineBlock.minecraft.emerald_ore":4,"stat.pickup.minecraft.log":15,"stat.pickup.quark.root_flower":2,"stat.pickup.minecraft.iron_pickaxe":1,"stat.pickup.minecraft.cooked_beef":5,"stat.killEntity.Skeleton":4,"stat.craftItem.minecraft.bucket":1,"stat.mineBlock.minecraft.stonebrick":8,"stat.craftItem.minecraft.planks":8,"stat.pickup.minecraft.stone_sword":1,"stat.killEntity.quark:dweller":1,"stat.mobKills":55,"stat.pickup.minecraft.water_bucket":1,"stat.pickup.minecraft.beetroot_seeds":8,"stat.pickup.minecraft.torch":5,"stat.sneakTime":6209,"stat.pickup.minecraft.yellow_flower":2,"stat.killEntity.quark:ashen":1,"stat.mineBlock.minecraft.stone":141}