{"stat.mineBlock.minecraft.mossy_cobblestone":4,"stat.craftItem.spartanweaponry.rapier_iron":1,"stat.pickup.minecraft.bone":2,"stat.pickup.spartanweaponry.battleaxe_stone":1,"stat.pickup.minecraft.gravel":2,"stat.leaveGame":6,"stat.pickup.minecraft.arrow":2,"stat.mineBlock.minecraft.cobblestone":7,"stat.pickup.minecraft.flint":1,"stat.mineBlock.srparasites.gore":4,"stat.pickup.spartanweaponry.longsword_stone":1,"stat.useItem.minecraft.rotten_flesh":5,"stat.pickup.minecraft.stone_brick_stairs":1,"stat.jump":409,"stat.swimOneCm":5572,"stat.pickup.minecraft.coal":3,"stat.fallOneCm":4128,"stat.useItem.spartanweaponry.rapier_iron":36,"stat.pickup.minecraft.melon_seeds":4,"stat.pickup.minecraft.gunpowder":2,"stat.mineBlock.quark.roots":2,"stat.crouchOneCm":12468,"stat.craftItem.minecraft.torch":4,"stat.craftItem.minecraft.iron_ingot":28,"stat.useItem.minecraft.stone_slab2":6,"stat.useItem.minecraft.water_bucket":5,"stat.craftingTableInteraction":23,"stat.pickup.minecraft.iron_ore":16,"stat.mineBlock.minecraft.stone_brick_stairs":1,"stat.pickup.minecraft.rotten_flesh":7,"stat.craftItem.minecraft.furnace":1,"stat.damageTaken":562,"stat.craftItem.minecraft.stone_pickaxe":1,"stat.mineBlock.minecraft.torch":4,"stat.useItem.minecraft.wooden_pickaxe":47,"stat.craftItem.minecraft.cooked_beef":3,"stat.pickup.minecraft.cobblestone":141,"stat.craftItem.minecraft.stone_sword":1,"stat.flyOneCm":26295,"stat.useItem.spartanweaponry.battleaxe_stone":39,"stat.mineBlock.minecraft.gravel":3,"stat.useItem.minecraft.stone_pickaxe":131,"stat.useItem.minecraft.cooked_beef":5,"stat.damageDealt":4427,"stat.mineBlock.minecraft.iron_ore":16,"stat.timeSinceDeath":52845,"stat.craftItem.minecraft.wooden_pickaxe":1,"stat.pickup.minecraft.mossy_cobblestone":3,"stat.pickup.toughasnails.ice_cube":1,"stat.walkOneCm":213948,"stat.useItem.minecraft.torch":5,"stat.pickup.dynamictrees.birchseed":11,"stat.pickup.minecraft.stick":9,"stat.pickup.minecraft.crafting_table":1,"stat.useItem.minecraft.cobblestone":16,"stat.pickup.minecraft.stonebrick":11,"stat.craftItem.minecraft.crafting_table":1,"stat.furnaceInteraction":29,"stat.craftItem.spartanweaponry.material":1,"stat.killEntity.ZombieVillager":1,"stat.useItem.minecraft.lava_bucket":1,"stat.mineBlock.minecraft.coal_ore":7,"stat.mineBlock.quark.stone_speleothem":2,"stat.pickup.srparasites.lurecomponent1":9,"stat.killEntity.Creeper":2,"stat.pickup.minecraft.log":15,"stat.pickup.minecraft.string":1,"stat.pickup.minecraft.beef":1,"stat.pickup.quark.root_flower":1,"stat.craftItem.minecraft.stone_slab2":0,"stat.sprintOneCm":77887,"stat.pickup.minecraft.cooked_beef":5,"stat.killEntity.Skeleton":1,"stat.craftItem.minecraft.bucket":1,"stat.mineBlock.minecraft.stonebrick":8,"stat.craftItem.minecraft.planks":8,"stat.mineBlock.minecraft.crafting_table":1,"stat.killEntity.quark:dweller":1,"stat.mobKills":28,"stat.pickup.dynamictrees.oakseed":2,"stat.pickup.minecraft.beetroot_seeds":4,"stat.playOneMinute":52845,"stat.pickup.minecraft.torch":3,"stat.sneakTime":3702,"stat.killEntity.Zombie":3,"stat.pickup.minecraft.yellow_flower":1,"stat.mineBlock.minecraft.stone":129,"stat.diveOneCm":711}