{"stat.pickup.minecraft.bone":5,"stat.leaveGame":8,"stat.mineBlock.minecraft.cobblestone":10,"stat.pickup.minecraft.flint":1,"stat.mineBlock.srparasites.gore":6,"stat.pickup.gravestone.death_info":1,"stat.pickup.spartanweaponry.longsword_stone":2,"stat.swimOneCm":18115,"stat.useItem.spartanweaponry.rapier_iron":88,"stat.mineBlock.minecraft.web":9,"stat.pickup.spartanshields.shield_basic_iron":1,"stat.mineBlock.quark.roots":3,"stat.useItem.minecraft.stone_slab2":6,"stat.pickup.minecraft.iron_boots":1,"stat.useItem.minecraft.water_bucket":12,"stat.mineBlock.minecraft.stone_brick_stairs":1,"stat.pickup.minecraft.rotten_flesh":12,"stat.craftItem.minecraft.furnace":1,"stat.craftItem.minecraft.stone_pickaxe":1,"stat.craftItem.minecraft.cooked_beef":3,"stat.pickup.minecraft.cobblestone":156,"stat.craftItem.minecraft.stone_sword":1,"stat.flyOneCm":49982,"stat.useItem.spartanweaponry.battleaxe_stone":39,"stat.useItem.minecraft.cooked_beef":8,"stat.mineBlock.minecraft.iron_ore":30,"stat.timeSinceDeath":353,"stat.useItem.minecraft.iron_pickaxe":64,"stat.craftItem.minecraft.wooden_pickaxe":1,"stat.pickup.minecraft.mossy_cobblestone":3,"stat.pickup.minecraft.stonebrick":17,"stat.furnaceInteraction":36,"stat.mineBlock.minecraft.rail":1,"stat.craftItem.spartanweaponry.material":1,"stat.killEntity.ZombieVillager":2,"stat.mineBlock.minecraft.coal_ore":27,"stat.pickup.srparasites.lurecomponent1":13,"stat.killEntity.Creeper":3,"stat.pickup.minecraft.string":10,"stat.pickup.minecraft.beef":1,"stat.pickup.minecraft.furnace":5,"stat.craftItem.minecraft.stone_slab2":0,"stat.sprintOneCm":154704,"stat.pickup.minecraft.iron_chestplate":1,"stat.mineBlock.minecraft.crafting_table":2,"stat.pickup.minecraft.emerald":4,"stat.pickup.dynamictrees.oakseed":2,"stat.deaths":2,"stat.playOneMinute":75836,"stat.craftItem.minecraft.iron_pickaxe":1,"stat.killEntity.Zombie":3,"stat.mineBlock.minecraft.gold_ore":3,"stat.diveOneCm":5434,"stat.mineBlock.minecraft.mossy_cobblestone":4,"stat.craftItem.spartanweaponry.rapier_iron":1,"stat.pickup.spartanweaponry.battleaxe_stone":1,"stat.pickup.minecraft.gravel":2,"stat.pickup.minecraft.arrow":7,"stat.useItem.minecraft.rotten_flesh":5,"stat.pickup.minecraft.stone_brick_stairs":1,"stat.jump":658,"stat.pickup.minecraft.coal":51,"stat.pickup.minecraft.iron_helmet":1,"stat.fallOneCm":5383,"stat.pickup.minecraft.melon_seeds":4,"stat.pickup.minecraft.gunpowder":4,"stat.crouchOneCm":12997,"stat.pickup.minecraft.rail":6,"stat.craftItem.minecraft.torch":4,"stat.craftItem.minecraft.iron_ingot":28,"stat.craftingTableInteraction":24,"stat.pickup.minecraft.iron_ore":30,"stat.pickup.minecraft.gold_ore":3,"stat.useItem.spartanweaponry.longsword_stone":1,"stat.pickup.minecraft.wooden_pickaxe":1,"stat.damageTaken":1006,"stat.mineBlock.minecraft.torch":4,"stat.mineBlock.minecraft.furnace":5,"stat.useItem.minecraft.wooden_pickaxe":47,"stat.pickup.minecraft.iron_leggings":1,"stat.mineBlock.minecraft.gravel":3,"stat.useItem.minecraft.stone_pickaxe":131,"stat.useItem.minecraft.stone_sword":18,"stat.damageDealt":7987,"stat.pickup.toughasnails.ice_cube":1,"stat.walkOneCm":292727,"stat.useItem.minecraft.torch":5,"stat.pickup.dynamictrees.birchseed":11,"stat.pickup.minecraft.stick":9,"stat.pickup.minecraft.crafting_table":2,"stat.useItem.minecraft.cobblestone":17,"stat.craftItem.minecraft.crafting_table":1,"stat.useItem.minecraft.lava_bucket":1,"stat.mineBlock.quark.stone_speleothem":2,"stat.mineBlock.minecraft.emerald_ore":4,"stat.pickup.minecraft.log":15,"stat.pickup.quark.root_flower":1,"stat.pickup.minecraft.cooked_beef":5,"stat.killEntity.Skeleton":4,"stat.craftItem.minecraft.bucket":1,"stat.mineBlock.minecraft.stonebrick":8,"stat.craftItem.minecraft.planks":8,"stat.killEntity.quark:dweller":1,"stat.mobKills":53,"stat.pickup.minecraft.beetroot_seeds":4,"stat.pickup.minecraft.torch":3,"stat.sneakTime":4053,"stat.pickup.minecraft.yellow_flower":1,"stat.killEntity.quark:ashen":1,"stat.mineBlock.minecraft.stone":141}