{"stat.mineBlock.minecraft.mossy_cobblestone":4,"stat.pickup.spartanweaponry.battleaxe_stone":1,"stat.pickup.minecraft.gravel":2,"stat.leaveGame":3,"stat.mineBlock.minecraft.cobblestone":2,"stat.pickup.minecraft.flint":1,"stat.useItem.minecraft.rotten_flesh":5,"stat.pickup.minecraft.stone_brick_stairs":1,"stat.jump":241,"stat.swimOneCm":2575,"stat.pickup.minecraft.coal":3,"stat.fallOneCm":1560,"stat.pickup.minecraft.melon_seeds":4,"stat.pickup.minecraft.gunpowder":1,"stat.crouchOneCm":12393,"stat.craftItem.minecraft.torch":4,"stat.craftItem.minecraft.iron_ingot":3,"stat.useItem.minecraft.stone_slab2":5,"stat.useItem.minecraft.water_bucket":3,"stat.craftingTableInteraction":10,"stat.pickup.minecraft.iron_ore":9,"stat.mineBlock.minecraft.stone_brick_stairs":1,"stat.pickup.minecraft.rotten_flesh":5,"stat.craftItem.minecraft.furnace":1,"stat.damageTaken":245,"stat.craftItem.minecraft.stone_pickaxe":1,"stat.mineBlock.minecraft.torch":3,"stat.useItem.minecraft.wooden_pickaxe":45,"stat.craftItem.minecraft.cooked_beef":1,"stat.pickup.minecraft.cobblestone":123,"stat.craftItem.minecraft.stone_sword":1,"stat.flyOneCm":10709,"stat.useItem.spartanweaponry.battleaxe_stone":20,"stat.mineBlock.minecraft.gravel":3,"stat.useItem.minecraft.stone_pickaxe":113,"stat.useItem.minecraft.cooked_beef":1,"stat.damageDealt":1174,"stat.mineBlock.minecraft.iron_ore":9,"stat.timeSinceDeath":30929,"stat.craftItem.minecraft.wooden_pickaxe":1,"stat.pickup.minecraft.mossy_cobblestone":3,"stat.walkOneCm":126058,"stat.useItem.minecraft.torch":5,"stat.pickup.dynamictrees.birchseed":11,"stat.pickup.minecraft.stick":9,"stat.pickup.minecraft.crafting_table":1,"stat.useItem.minecraft.cobblestone":12,"stat.pickup.minecraft.stonebrick":11,"stat.craftItem.minecraft.crafting_table":1,"stat.furnaceInteraction":8,"stat.useItem.minecraft.lava_bucket":1,"stat.mineBlock.minecraft.coal_ore":7,"stat.mineBlock.quark.stone_speleothem":2,"stat.pickup.srparasites.lurecomponent1":2,"stat.killEntity.Creeper":1,"stat.pickup.minecraft.log":15,"stat.pickup.minecraft.beef":1,"stat.craftItem.minecraft.stone_slab2":0,"stat.sprintOneCm":42923,"stat.craftItem.minecraft.bucket":1,"stat.mineBlock.minecraft.stonebrick":8,"stat.craftItem.minecraft.planks":8,"stat.mineBlock.minecraft.crafting_table":1,"stat.mobKills":8,"stat.pickup.dynamictrees.oakseed":2,"stat.pickup.minecraft.beetroot_seeds":4,"stat.playOneMinute":30929,"stat.pickup.minecraft.torch":2,"stat.sneakTime":3618,"stat.killEntity.Zombie":1,"stat.mineBlock.minecraft.stone":121,"stat.diveOneCm":386}