{"stat.chestOpened":5,"stat.pickup.minecraft.sand":6,"stat.walkOneCm":7018,"stat.mineBlock.minecraft.tnt":9,"stat.craftItem.minecraft.planks":52,"stat.craftItem.minecraft.stone_axe":1,"stat.mineBlock.minecraft.log2":9,"stat.pickup.minecraft.crafting_table":1,"stat.damageTaken":155,"stat.mineBlock.minecraft.crafting_table":1,"stat.craftItem.minecraft.crafting_table":1,"stat.craftItem.minecraft.stone_pickaxe":1,"stat.useItem.minecraft.wooden_pickaxe":3,"stat.pickup.minecraft.cobblestone":27,"stat.mineBlock.minecraft.log":4,"stat.pickup.minecraft.log2":9,"stat.pickup.minecraft.log":4,"stat.craftItem.minecraft.stone_sword":1,"stat.flyOneCm":14118,"stat.jump":89,"stat.useItem.minecraft.sand":11,"stat.mineBlock.minecraft.sand":5,"stat.swimOneCm":867,"stat.mineBlock.minecraft.leaves":1,"stat.playOneMinute":9683,"stat.fallOneCm":3251,"stat.pickup.minecraft.tnt":9,"stat.useItem.minecraft.stone_pickaxe":24,"stat.sneakTime":1200,"stat.useItem.minecraft.stone_axe":1,"stat.damageDealt":20,"stat.crouchOneCm":3725,"stat.timeSinceDeath":9683,"stat.craftItem.spartanshields.shield_basic_wood":1,"stat.sprintOneCm":9421,"stat.useItem.minecraft.stone_slab2":3,"stat.craftItem.minecraft.wooden_pickaxe":1,"stat.mineBlock.minecraft.stone":27,"stat.craftItem.minecraft.stick":12,"stat.craftingTableInteraction":4}