{"stat.chestOpened":5,"stat.walkOneCm":26050,"stat.pickup.minecraft.armor_stand":1,"stat.pickup.minecraft.bone":1,"stat.pickup.minecraft.gravel":19,"stat.pickup.minecraft.arrow":1,"stat.pickup.minecraft.crafting_table":2,"stat.useItem.minecraft.tnt":5,"stat.useItem.minecraft.cobblestone":1,"stat.craftItem.minecraft.crafting_table":1,"stat.furnaceInteraction":1,"stat.pickup.minecraft.flint":1,"stat.useItem.minecraft.gravel":15,"stat.pickup.minecraft.shield":1,"stat.mineBlock.minecraft.sandstone":22,"stat.pickup.minecraft.log":4,"stat.useItem.minecraft.rotten_flesh":2,"stat.swimOneCm":6696,"stat.useItem.minecraft.sand":11,"stat.jump":432,"stat.pickup.minecraft.iron_helmet":1,"stat.fallOneCm":18398,"stat.useItem.minecraft.planks":14,"stat.pickup.minecraft.tnt":9,"stat.useItem.minecraft.stone_axe":10,"stat.crouchOneCm":8410,"stat.pickup.minecraft.chainmail_leggings":1,"stat.pickup.minecraft.sapling":5,"stat.pickup.minecraft.dirt":1,"stat.sprintOneCm":29824,"stat.useItem.minecraft.stone_slab2":7,"stat.pickup.minecraft.iron_chestplate":1,"stat.pickup.minecraft.iron_boots":1,"stat.craftItem.minecraft.stick":12,"stat.craftingTableInteraction":7,"stat.pickup.minecraft.sand":6,"stat.craftItem.minecraft.furnace":1,"stat.mineBlock.minecraft.tnt":10,"stat.craftItem.minecraft.flint_and_steel":1,"stat.craftItem.minecraft.planks":52,"stat.pickup.minecraft.iron_axe":1,"stat.craftItem.minecraft.stone_axe":1,"stat.useItem.minecraft.flint_and_steel":2,"stat.mineBlock.minecraft.leaves2":3,"stat.mineBlock.minecraft.log2":9,"stat.damageTaken":2107,"stat.mineBlock.minecraft.crafting_table":2,"stat.craftItem.minecraft.stone_pickaxe":1,"stat.useItem.minecraft.wooden_pickaxe":3,"stat.pickup.minecraft.cobblestone":29,"stat.mobKills":2,"stat.mineBlock.minecraft.log":4,"stat.pickup.minecraft.log2":9,"stat.pickup.minecraft.planks":1,"stat.craftItem.minecraft.stone_sword":1,"stat.flyOneCm":113679,"stat.pickup.minecraft.sandstone":23,"stat.mineBlock.minecraft.planks":3,"stat.deaths":9,"stat.pickup.minecraft.wheat_seeds":1,"stat.mineBlock.minecraft.sand":5,"stat.mineBlock.minecraft.leaves":1,"stat.playOneMinute":21383,"stat.mineBlock.minecraft.gravel":15,"stat.useItem.minecraft.stone_pickaxe":46,"stat.sneakTime":2149,"stat.useItem.minecraft.stone_sword":1,"stat.damageDealt":82,"stat.timeSinceDeath":549,"stat.craftItem.spartanshields.shield_basic_wood":1,"stat.mineBlock.minecraft.dirt":2,"stat.useItem.minecraft.crafting_table":1,"stat.killEntity.VindicationIllager":1,"stat.craftItem.minecraft.wooden_pickaxe":1,"stat.mineBlock.minecraft.stone":27,"stat.mineBlock.minecraft.tallgrass":6,"stat.diveOneCm":17816,"stat.useItem.minecraft.sandstone":21}