{"stat.craftItem.minecraft.stone_shovel":1,"stat.walkOneCm":17993,"stat.pickup.minecraft.crafting_table":1,"stat.mineBlock.minecraft.cobblestone":1,"stat.useItem.minecraft.cobblestone":2,"stat.craftItem.minecraft.crafting_table":1,"stat.furnaceInteraction":1,"stat.pickup.minecraft.log":12,"stat.jump":65,"stat.swimOneCm":2478,"stat.fallOneCm":418,"stat.useItem.minecraft.stone_axe":1,"stat.pickup.minecraft.porkchop":2,"stat.crouchOneCm":5057,"stat.pickup.minecraft.sapling":11,"stat.pickup.minecraft.dirt":13,"stat.useItem.minecraft.dirt":2,"stat.sprintOneCm":10260,"stat.useItem.minecraft.stone_slab2":5,"stat.pickup.minecraft.apple":1,"stat.mineBlock.futuremc.lily_of_the_valley":1,"stat.craftItem.minecraft.stick":16,"stat.craftingTableInteraction":7,"stat.pickup.minecraft.iron_ore":7,"stat.pickup.minecraft.sand":3,"stat.craftItem.minecraft.furnace":1,"stat.craftItem.minecraft.planks":48,"stat.pickup.futuremc.lily_of_the_valley":1,"stat.craftItem.minecraft.stone_axe":1,"stat.craftItem.minecraft.fence_gate":1,"stat.mineBlock.minecraft.crafting_table":1,"stat.craftItem.minecraft.stone_pickaxe":1,"stat.useItem.minecraft.wooden_pickaxe":3,"stat.mobKills":1,"stat.pickup.minecraft.cobblestone":41,"stat.mineBlock.minecraft.log":12,"stat.pickup.minecraft.reeds":9,"stat.useItem.minecraft.stone_shovel":5,"stat.craftItem.minecraft.stone_sword":1,"stat.flyOneCm":9433,"stat.mineBlock.minecraft.leaves":3,"stat.mineBlock.minecraft.sand":5,"stat.playOneMinute":10561,"stat.useItem.minecraft.stone_pickaxe":44,"stat.sneakTime":1357,"stat.pickup.quark.tallow":3,"stat.damageDealt":100,"stat.mineBlock.minecraft.iron_ore":7,"stat.timeSinceDeath":10561,"stat.mineBlock.minecraft.dirt":12,"stat.killEntity.Pig":1,"stat.craftItem.minecraft.wooden_pickaxe":1,"stat.mineBlock.minecraft.stone":39,"stat.mineBlock.minecraft.tallgrass":1,"stat.diveOneCm":1922}