{"stat.craftItem.minecraft.stone_shovel":1,"stat.walkOneCm":45269,"stat.useItem.minecraft.torch":4,"stat.pickup.minecraft.crafting_table":1,"stat.mineBlock.minecraft.cobblestone":2,"stat.useItem.minecraft.cobblestone":3,"stat.craftItem.minecraft.crafting_table":1,"stat.furnaceInteraction":10,"stat.pickup.minecraft.flint":1,"stat.craftItem.minecraft.coal":5,"stat.pickup.minecraft.log":24,"stat.jump":170,"stat.swimOneCm":6478,"stat.useItem.minecraft.sand":1,"stat.fallOneCm":2537,"stat.useItem.minecraft.planks":4,"stat.craftItem.minecraft.shield":1,"stat.useItem.minecraft.stone_axe":18,"stat.craftItem.minecraft.stone_slab2":0,"stat.pickup.minecraft.porkchop":2,"stat.crouchOneCm":6006,"stat.craftItem.minecraft.torch":4,"stat.craftItem.minecraft.iron_ingot":7,"stat.pickup.minecraft.sapling":13,"stat.pickup.minecraft.dirt":18,"stat.useItem.minecraft.dirt":5,"stat.sprintOneCm":16241,"stat.useItem.minecraft.stone_slab2":6,"stat.pickup.minecraft.apple":1,"stat.mineBlock.futuremc.lily_of_the_valley":1,"stat.craftItem.minecraft.stick":20,"stat.craftingTableInteraction":18,"stat.pickup.minecraft.iron_ore":7,"stat.pickup.minecraft.rotten_flesh":2,"stat.pickup.minecraft.sand":18,"stat.craftItem.minecraft.furnace":1,"stat.craftItem.minecraft.flint_and_steel":1,"stat.craftItem.minecraft.planks":48,"stat.pickup.futuremc.lily_of_the_valley":1,"stat.craftItem.minecraft.stone_axe":1,"stat.useItem.minecraft.flint_and_steel":2,"stat.craftItem.minecraft.fence_gate":1,"stat.mineBlock.minecraft.crafting_table":1,"stat.damageTaken":140,"stat.useItem.spartanweaponry.club_wood":14,"stat.craftItem.minecraft.stone_pickaxe":1,"stat.mineBlock.minecraft.torch":5,"stat.useItem.minecraft.wooden_pickaxe":3,"stat.mobKills":2,"stat.pickup.minecraft.cobblestone":43,"stat.mineBlock.minecraft.log":24,"stat.pickup.minecraft.planks":3,"stat.pickup.minecraft.reeds":9,"stat.useItem.minecraft.stone_shovel":33,"stat.craftItem.minecraft.stone_sword":1,"stat.flyOneCm":15966,"stat.mineBlock.minecraft.planks":3,"stat.drop":1,"stat.mineBlock.minecraft.leaves":5,"stat.mineBlock.minecraft.sand":27,"stat.playOneMinute":22261,"stat.drop.minecraft.sand":15,"stat.pickup.minecraft.torch":5,"stat.useItem.minecraft.stone_pickaxe":46,"stat.sneakTime":1702,"stat.craftItem.minecraft.iron_pickaxe":1,"stat.pickup.quark.tallow":3,"stat.damageDealt":515,"stat.mineBlock.minecraft.iron_ore":7,"stat.killEntity.Zombie":1,"stat.timeSinceDeath":22261,"stat.craftItem.spartanshields.shield_basic_wood":1,"stat.craftItem.spartanweaponry.club_wood":1,"stat.mineBlock.minecraft.dirt":20,"stat.killEntity.Pig":1,"stat.craftItem.minecraft.wooden_pickaxe":1,"stat.mineBlock.minecraft.stone":40,"stat.mineBlock.minecraft.tallgrass":1,"stat.diveOneCm":4284}