{"stat.walkOneCm":26756,"stat.drop.gravestone.death_info":2,"stat.pickup.minecraft.stick":50,"stat.leaveGame":2,"stat.pickup.minecraft.crafting_table":2,"stat.pickup.minecraft.stone_pickaxe":1,"stat.craftItem.minecraft.crafting_table":1,"stat.pickup.minecraft.stone_axe":1,"stat.pickup.minecraft.log":60,"stat.jump":281,"stat.swimOneCm":2592,"stat.fallOneCm":4407,"stat.useItem.minecraft.planks":2,"stat.useItem.minecraft.stone_axe":12,"stat.pickup.minecraft.porkchop":7,"stat.crouchOneCm":2583,"stat.mineBlock.gravestone.gravestone":2,"stat.pickup.minecraft.dirt":3,"stat.sprintOneCm":29787,"stat.useItem.minecraft.stone_slab2":3,"stat.craftItem.minecraft.stick":8,"stat.craftingTableInteraction":4,"stat.craftItem.minecraft.planks":36,"stat.entityKilledBy.Wolf":1,"stat.craftItem.minecraft.stone_axe":1,"stat.pickup.minecraft.wooden_pickaxe":1,"stat.damageTaken":899,"stat.mineBlock.minecraft.crafting_table":1,"stat.craftItem.minecraft.wooden_button":1,"stat.craftItem.minecraft.stone_pickaxe":1,"stat.useItem.minecraft.wooden_pickaxe":3,"stat.pickup.minecraft.cobblestone":22,"stat.mobKills":5,"stat.pickup.dynamictrees.oakseed":37,"stat.pickup.minecraft.planks":24,"stat.pickup.minecraft.reeds":4,"stat.flyOneCm":57753,"stat.deaths":2,"stat.drop":2,"stat.playOneMinute":9266,"stat.useItem.minecraft.stone_pickaxe":11,"stat.sneakTime":920,"stat.pickup.quark.tallow":8,"stat.damageDealt":515,"stat.timeSinceDeath":1722,"stat.mineBlock.minecraft.dirt":1,"stat.craftItem.minecraft.wooden_pickaxe":1,"stat.mineBlock.minecraft.stone":14,"stat.killEntity.Pig":5,"stat.mineBlock.minecraft.tallgrass":3}