{"stat.pickup.minecraft.bone":7,"stat.leaveGame":3,"stat.mineBlock.minecraft.cobblestone":2,"stat.pickup.minecraft.stone_pickaxe":4,"stat.pickup.minecraft.flint":1,"stat.swimOneCm":15651,"stat.useItem.minecraft.planks":7,"stat.craftItem.minecraft.shield":1,"stat.pickup.minecraft.porkchop":4,"stat.pickup.spartanshields.shield_basic_wood":5,"stat.useItem.minecraft.dirt":13,"stat.useItem.minecraft.stone_slab2":9,"stat.pickup.minecraft.rotten_flesh":2,"stat.pickup.minecraft.sand":20,"stat.craftItem.minecraft.furnace":1,"stat.craftItem.minecraft.stone_axe":1,"stat.useItem.spartanweaponry.club_wood":16,"stat.craftItem.minecraft.stone_pickaxe":1,"stat.pickup.minecraft.cobblestone":86,"stat.useItem.minecraft.stone_shovel":33,"stat.craftItem.minecraft.stone_sword":1,"stat.flyOneCm":38300,"stat.mineBlock.minecraft.sand":27,"stat.drop.minecraft.sand":15,"stat.pickup.quark.tallow":15,"stat.mineBlock.minecraft.iron_ore":7,"stat.timeSinceDeath":0,"stat.craftItem.spartanshields.shield_basic_wood":1,"stat.craftItem.minecraft.wooden_pickaxe":1,"stat.furnaceInteraction":11,"stat.pickup.srparasites.lurecomponent1":5,"stat.pickup.minecraft.shield":1,"stat.pickup.minecraft.fence_gate":1,"stat.craftItem.minecraft.stone_slab2":0,"stat.sprintOneCm":34432,"stat.mineBlock.minecraft.stone_slab":2,"stat.craftItem.minecraft.stick":20,"stat.pickup.futuremc.lily_of_the_valley":1,"stat.useItem.minecraft.flint_and_steel":2,"stat.craftItem.minecraft.fence_gate":1,"stat.mineBlock.minecraft.crafting_table":1,"stat.mineBlock.minecraft.planks":4,"stat.deaths":10,"stat.drop":1,"stat.playOneMinute":34060,"stat.craftItem.minecraft.iron_pickaxe":1,"stat.killEntity.Zombie":1,"stat.mineBlock.minecraft.tallgrass":2,"stat.diveOneCm":30492,"stat.pickup.minecraft.arrow":5,"stat.pickup.minecraft.stone_axe":3,"stat.craftItem.minecraft.coal":5,"stat.useItem.minecraft.rotten_flesh":2,"stat.jump":321,"stat.useItem.minecraft.sand":1,"stat.pickup.minecraft.coal":9,"stat.fallOneCm":6286,"stat.pickup.minecraft.iron_ingot":2,"stat.useItem.minecraft.stone_axe":20,"stat.crouchOneCm":11644,"stat.craftItem.minecraft.torch":4,"stat.craftItem.minecraft.iron_ingot":7,"stat.pickup.minecraft.dirt":53,"stat.mineBlock.futuremc.lily_of_the_valley":1,"stat.craftingTableInteraction":18,"stat.pickup.minecraft.iron_ore":7,"stat.craftItem.minecraft.flint_and_steel":1,"stat.damageTaken":2021,"stat.mineBlock.minecraft.torch":5,"stat.useItem.minecraft.wooden_pickaxe":3,"stat.mineBlock.minecraft.sapling":1,"stat.pickup.srparasites.assimilated_flesh":5,"stat.pickup.minecraft.planks":40,"stat.pickup.minecraft.reeds":36,"stat.mineBlock.minecraft.fence_gate":1,"stat.useItem.minecraft.stone_pickaxe":66,"stat.useItem.minecraft.stone_sword":25,"stat.damageDealt":1779,"stat.craftItem.spartanweaponry.club_wood":1,"stat.mineBlock.minecraft.dirt":23,"stat.killEntity.Pig":1,"stat.craftItem.minecraft.stone_shovel":1,"stat.pickup.minecraft.flint_and_steel":1,"stat.walkOneCm":65549,"stat.useItem.minecraft.torch":5,"stat.pickup.minecraft.stick":12,"stat.pickup.minecraft.crafting_table":1,"stat.useItem.minecraft.cobblestone":7,"stat.craftItem.minecraft.crafting_table":1,"stat.pickup.minecraft.log":30,"stat.pickup.minecraft.iron_pickaxe":3,"stat.pickup.minecraft.sapling":29,"stat.pickup.minecraft.ender_pearl":2,"stat.pickup.minecraft.apple":1,"stat.craftItem.minecraft.planks":48,"stat.pickup.minecraft.stone_sword":4,"stat.mobKills":15,"stat.mineBlock.minecraft.log":26,"stat.mineBlock.minecraft.leaves":5,"stat.pickup.minecraft.torch":5,"stat.sneakTime":3660,"stat.pickup.minecraft.stone_slab":4,"stat.mineBlock.minecraft.stone":52}