{"stat.pickup.minecraft.bone":7,"stat.useItem.minecraft.iron_axe":61,"stat.leaveGame":4,"stat.mineBlock.minecraft.cobblestone":15,"stat.pickup.minecraft.flint":1,"stat.mineBlock.minecraft.yellow_flower":1,"stat.craftItem.minecraft.iron_axe":1,"stat.mineBlock.srparasites.gore":4,"stat.pickup.spartanweaponry.longsword_stone":1,"stat.mineBlock.charm.crate_sealed":3,"stat.swimOneCm":22487,"stat.useItem.minecraft.planks":34,"stat.craftItem.minecraft.shield":1,"stat.pickup.minecraft.enchanted_book":1,"stat.pickup.quark.ancient_tome":1,"stat.useItem.spartanweaponry.rapier_iron":45,"stat.mineBlock.quark.roots":3,"stat.mineBlock.gravestone.gravestone":1,"stat.useItem.minecraft.stone_slab2":23,"stat.useItem.minecraft.water_bucket":3,"stat.pickup.minecraft.rotten_flesh":19,"stat.pickup.minecraft.diamond_horse_armor":1,"stat.craftItem.minecraft.furnace":3,"stat.craftItem.minecraft.stone_axe":1,"stat.craftItem.minecraft.iron_boots":1,"stat.pickup.minecraft.bucket":1,"stat.craftItem.minecraft.stone_pickaxe":2,"stat.craftItem.minecraft.cooked_beef":5,"stat.killEntity.Enderman":1,"stat.pickup.minecraft.cobblestone":166,"stat.flyOneCm":94275,"stat.pickup.dynamictrees.spruceseed":1,"stat.pickup.quark.rune":1,"stat.craftItem.toughasnails.campfire":1,"stat.drop.toughasnails.ice_cube":1,"stat.useItem.minecraft.cooked_beef":5,"stat.pickup.minecraft.redstone":2,"stat.mineBlock.minecraft.iron_ore":95,"stat.timeSinceDeath":67337,"stat.useItem.minecraft.iron_pickaxe":373,"stat.craftItem.minecraft.wooden_pickaxe":1,"stat.pickup.minecraft.mutton":15,"stat.pickup.minecraft.mossy_cobblestone":9,"stat.craftItem.minecraft.bed":1,"stat.drop.gravestone.death_info":1,"stat.pickup.minecraft.stonebrick":5,"stat.furnaceInteraction":62,"stat.craftItem.spartanweaponry.material":1,"stat.mineBlock.minecraft.coal_ore":205,"stat.pickup.srparasites.lurecomponent1":3,"stat.killEntity.Creeper":1,"stat.pickup.minecraft.string":45,"stat.pickup.minecraft.beef":6,"stat.useItem.minecraft.cooked_mutton":14,"stat.pickup.minecraft.furnace":10,"stat.useItem.minecraft.redstone":1,"stat.craftItem.minecraft.stone_slab2":0,"stat.sprintOneCm":140727,"stat.craftItem.minecraft.stick":24,"stat.mineBlock.minecraft.diamond_ore":3,"stat.mineBlock.minecraft.crafting_table":7,"stat.pickup.minecraft.pumpkin_seeds":3,"stat.pickup.minecraft.emerald":1,"stat.pickup.dynamictrees.oakseed":7,"stat.pickup.charm.totem_of_shielding":1,"stat.deaths":1,"stat.drop":4,"stat.playOneMinute":70025,"stat.killEntity.Sheep":8,"stat.craftItem.minecraft.iron_pickaxe":1,"stat.killEntity.Zombie":6,"stat.mineBlock.minecraft.gold_ore":9,"stat.craftItem.minecraft.cooked_mutton":15,"stat.diveOneCm":5850,"stat.chestOpened":1,"stat.mineBlock.minecraft.mossy_cobblestone":10,"stat.craftItem.spartanweaponry.rapier_iron":1,"stat.pickup.minecraft.gravel":1,"stat.pickup.minecraft.arrow":5,"stat.mineBlock.quark.roots_black_flower":1,"stat.jump":952,"stat.pickup.minecraft.coal":230,"stat.fallOneCm":15397,"stat.pickup.minecraft.iron_ingot":2,"stat.useItem.minecraft.stone_axe":32,"stat.pickup.minecraft.melon_seeds":2,"stat.pickup.minecraft.gunpowder":15,"stat.crouchOneCm":36079,"stat.mineBlock.minecraft.chest":3,"stat.pickup.minecraft.spider_eye":1,"stat.craftItem.minecraft.torch":76,"stat.craftItem.minecraft.iron_ingot":61,"stat.pickup.minecraft.dirt":6,"stat.craftItem.minecraft.iron_helmet":1,"stat.useItem.quark.root_flower":3,"stat.useItem.minecraft.cooked_chicken":3,"stat.craftingTableInteraction":27,"stat.pickup.minecraft.iron_ore":99,"stat.pickup.minecraft.gold_ore":9,"stat.mineBlock.minecraft.lapis_ore":6,"stat.useItem.spartanweaponry.longsword_stone":26,"stat.damageTaken":1617,"stat.pickup.minecraft.feather":3,"stat.pickup.minecraft.leather":2,"stat.mineBlock.minecraft.furnace":10,"stat.mineBlock.minecraft.torch":3,"stat.useItem.minecraft.wooden_pickaxe":6,"stat.useItem.minecraft.furnace":6,"stat.pickup.minecraft.dye":32,"stat.pickup.minecraft.planks":26,"stat.mineBlock.minecraft.gravel":3,"stat.useItem.minecraft.stone_pickaxe":134,"stat.craftItem.minecraft.iron_leggings":1,"stat.damageDealt":5902,"stat.sleepInBed":1,"stat.killEntity.Cow":1,"stat.mineBlock.quark.roots_blue_flower":1,"stat.mineBlock.minecraft.dirt":4,"stat.pickup.toughasnails.ice_cube":1,"stat.drop.minecraft.stick":1,"stat.walkOneCm":169242,"stat.useItem.minecraft.torch":71,"stat.pickup.dynamictrees.birchseed":14,"stat.pickup.minecraft.stick":19,"stat.pickup.minecraft.crafting_table":7,"stat.useItem.minecraft.cobblestone":54,"stat.craftItem.minecraft.crafting_table":2,"stat.useItem.minecraft.lava_bucket":17,"stat.mineBlock.quark.stone_speleothem":3,"stat.mineBlock.minecraft.emerald_ore":1,"stat.pickup.minecraft.log":72,"stat.pickup.quark.root_flower":5,"stat.pickup.minecraft.iron_pickaxe":1,"stat.craftItem.minecraft.gold_ingot":8,"stat.drop.minecraft.planks":26,"stat.craftItem.minecraft.iron_chestplate":1,"stat.pickup.minecraft.chicken":3,"stat.pickup.minecraft.ender_pearl":1,"stat.pickup.minecraft.gold_ingot":6,"stat.killEntity.Skeleton":4,"stat.mineBlock.minecraft.stonebrick":4,"stat.craftItem.minecraft.planks":88,"stat.killEntity.Chicken":3,"stat.killEntity.Spider":3,"stat.mobKills":45,"stat.mineBlock.minecraft.log":47,"stat.craftItem.minecraft.cooked_chicken":3,"stat.pickup.minecraft.diamond":3,"stat.pickup.minecraft.iron_horse_armor":1,"stat.pickup.minecraft.beetroot_seeds":4,"stat.mineBlock.minecraft.leaves":9,"stat.pickup.minecraft.torch":5,"stat.sneakTime":13673,"stat.pickup.minecraft.wool":14,"stat.pickup.minecraft.yellow_flower":1,"stat.killEntity.quark:ashen":1,"stat.mineBlock.minecraft.stone":147,"stat.pickup.minecraft.chest":3}