{"stat.chestOpened":6,"stat.drop.minecraft.wooden_pickaxe":1,"stat.leaveGame":2,"stat.pickup.minecraft.gravel":3,"stat.craftItem.minecraft.cooked_porkchop":16,"stat.mineBlock.minecraft.cobblestone":21,"stat.pickup.minecraft.stone_pickaxe":1,"stat.pickup.minecraft.stone_axe":1,"stat.mineBlock.srparasites.gore":5,"stat.pickup.minecraft.flower_pot":1,"stat.pickup.gravestone.death_info":1,"stat.jump":576,"stat.swimOneCm":4126,"stat.pickup.minecraft.coal":22,"stat.fallOneCm":6995,"stat.useItem.minecraft.planks":6,"stat.pickup.quark.ancient_tome":1,"stat.useItem.minecraft.stone_axe":46,"stat.pickup.minecraft.porkchop":18,"stat.pickup.minecraft.gunpowder":5,"stat.crouchOneCm":16693,"stat.mineBlock.gravestone.gravestone":2,"stat.mineBlock.minecraft.chest":1,"stat.craftItem.minecraft.torch":8,"stat.pickup.minecraft.dirt":27,"stat.useItem.minecraft.dirt":1,"stat.useItem.minecraft.stone_slab2":11,"stat.craftingTableInteraction":14,"stat.pickup.minecraft.rotten_flesh":1,"stat.craftItem.minecraft.stone_axe":2,"stat.mineBlock.minecraft.glass_pane":2,"stat.pickup.minecraft.wooden_pickaxe":1,"stat.damageTaken":1568,"stat.craftItem.minecraft.wooden_button":1,"stat.craftItem.minecraft.stone_pickaxe":3,"stat.mineBlock.minecraft.torch":18,"stat.mineBlock.minecraft.red_flower":4,"stat.useItem.minecraft.wooden_pickaxe":3,"stat.pickup.minecraft.cobblestone":198,"stat.pickup.srparasites.assimilated_flesh":2,"stat.pickup.minecraft.planks":33,"stat.pickup.minecraft.reeds":4,"stat.useItem.minecraft.stone_shovel":16,"stat.craftItem.minecraft.stone_sword":1,"stat.flyOneCm":67656,"stat.pickup.minecraft.wheat_seeds":3,"stat.pickup.minecraft.oak_stairs":1,"stat.useItem.minecraft.stone_pickaxe":165,"stat.useItem.minecraft.cooked_beef":1,"stat.useItem.minecraft.stone_sword":24,"stat.pickup.quark.tallow":17,"stat.killEntity.Villager":1,"stat.damageDealt":1926,"stat.sleepInBed":1,"stat.timeSinceDeath":9129,"stat.mineBlock.minecraft.dirt":25,"stat.craftItem.minecraft.wooden_pickaxe":1,"stat.killEntity.Pig":9,"stat.craftItem.minecraft.stone_slab":12,"stat.craftItem.minecraft.stone_shovel":1,"stat.walkOneCm":91883,"stat.useItem.minecraft.torch":24,"stat.drop.gravestone.death_info":3,"stat.pickup.minecraft.stick":54,"stat.pickup.minecraft.crafting_table":2,"stat.useItem.minecraft.cobblestone":49,"stat.craftItem.minecraft.crafting_table":1,"stat.furnaceInteraction":6,"stat.drop.minecraft.gravel":2,"stat.useItem.minecraft.cooked_porkchop":7,"stat.mineBlock.minecraft.double_plant":1,"stat.mineBlock.minecraft.coal_ore":22,"stat.talkedToVillager":1,"stat.pickup.minecraft.log":62,"stat.craftItem.minecraft.stone_slab2":0,"stat.sprintOneCm":35053,"stat.mineBlock.minecraft.stone_slab":1,"stat.pickup.minecraft.cooked_beef":1,"stat.craftItem.minecraft.stick":12,"stat.pickup.minecraft.gold_ingot":1,"stat.useItem.minecraft.stone_slab":4,"stat.drop.dynamictrees.oakseed":16,"stat.craftItem.minecraft.planks":120,"stat.entityKilledBy.Wolf":1,"stat.mineBlock.minecraft.crafting_table":1,"stat.mobKills":15,"stat.pickup.dynamictrees.oakseed":53,"stat.mineBlock.minecraft.log":3,"stat.mineBlock.minecraft.oak_stairs":3,"stat.deaths":3,"stat.mineBlock.minecraft.planks":10,"stat.drop":7,"stat.playOneMinute":33566,"stat.pickup.minecraft.torch":22,"stat.pickup.minecraft.red_flower":4,"stat.sneakTime":6405,"stat.pickup.minecraft.stone_slab":3,"stat.mineBlock.minecraft.stone":114,"stat.mineBlock.minecraft.tallgrass":9,"stat.pickup.minecraft.chest":1}