{"stat.chestOpened":8,"stat.craftItem.minecraft.ladder":3,"stat.useItem.minecraft.stone":1,"stat.drop.minecraft.wooden_pickaxe":1,"stat.leaveGame":3,"stat.pickup.minecraft.gravel":5,"stat.craftItem.minecraft.cooked_porkchop":16,"stat.mineBlock.minecraft.cobblestone":78,"stat.pickup.minecraft.stone_pickaxe":2,"stat.pickup.minecraft.stone_axe":2,"stat.pickup.minecraft.flint":1,"stat.mineBlock.toughasnails.campfire":1,"stat.mineBlock.srparasites.gore":11,"stat.pickup.minecraft.flower_pot":2,"stat.pickup.gravestone.death_info":2,"stat.jump":854,"stat.swimOneCm":4194,"stat.pickup.minecraft.coal":47,"stat.fallOneCm":10565,"stat.useItem.minecraft.planks":6,"stat.climbOneCm":772,"stat.pickup.quark.ancient_tome":2,"stat.pickup.minecraft.cooked_porkchop":6,"stat.useItem.minecraft.stone_axe":53,"stat.pickup.minecraft.porkchop":18,"stat.pickup.minecraft.gunpowder":10,"stat.crouchOneCm":27536,"stat.mineBlock.gravestone.gravestone":3,"stat.mineBlock.minecraft.chest":1,"stat.craftItem.minecraft.torch":8,"stat.pickup.minecraft.dirt":58,"stat.useItem.minecraft.dirt":1,"stat.useItem.minecraft.stone_slab2":20,"stat.craftingTableInteraction":16,"stat.pickup.minecraft.rotten_flesh":2,"stat.pickup.minecraft.stone_shovel":1,"stat.craftItem.minecraft.stone_axe":2,"stat.mineBlock.minecraft.glass_pane":3,"stat.pickup.minecraft.wooden_pickaxe":1,"stat.damageTaken":2509,"stat.craftItem.minecraft.wooden_button":1,"stat.craftItem.minecraft.stone_pickaxe":3,"stat.mineBlock.minecraft.torch":19,"stat.mineBlock.minecraft.red_flower":6,"stat.useItem.minecraft.wooden_pickaxe":3,"stat.pickup.minecraft.cobblestone":390,"stat.pickup.srparasites.assimilated_flesh":2,"stat.pickup.minecraft.planks":143,"stat.pickup.minecraft.reeds":8,"stat.useItem.minecraft.stone_shovel":16,"stat.craftItem.minecraft.stone_sword":1,"stat.flyOneCm":102350,"stat.pickup.minecraft.bed":1,"stat.pickup.minecraft.wheat_seeds":5,"stat.pickup.minecraft.oak_stairs":1,"stat.craftItem.toughasnails.campfire":1,"stat.mineBlock.minecraft.gravel":3,"stat.useItem.minecraft.stone_pickaxe":251,"stat.useItem.minecraft.cooked_beef":1,"stat.useItem.minecraft.stone_sword":62,"stat.pickup.quark.tallow":17,"stat.killEntity.Villager":1,"stat.damageDealt":3300,"stat.sleepInBed":1,"stat.timeSinceDeath":0,"stat.mineBlock.minecraft.dirt":40,"stat.craftItem.minecraft.wooden_pickaxe":1,"stat.killEntity.Pig":9,"stat.craftItem.minecraft.stone_slab":12,"stat.craftItem.minecraft.stone_shovel":1,"stat.walkOneCm":144976,"stat.useItem.minecraft.torch":26,"stat.drop.gravestone.death_info":6,"stat.pickup.dynamictrees.birchseed":2,"stat.pickup.minecraft.stick":72,"stat.pickup.minecraft.crafting_table":3,"stat.useItem.minecraft.cobblestone":155,"stat.craftItem.minecraft.crafting_table":1,"stat.furnaceInteraction":6,"stat.drop.minecraft.gravel":2,"stat.useItem.minecraft.gravel":1,"stat.useItem.minecraft.cooked_porkchop":13,"stat.mineBlock.minecraft.double_plant":1,"stat.mineBlock.minecraft.coal_ore":22,"stat.talkedToVillager":1,"stat.pickup.minecraft.log":75,"stat.craftItem.minecraft.stone_slab2":0,"stat.pickup.minecraft.stone":4,"stat.sprintOneCm":54610,"stat.mineBlock.minecraft.stone_slab":6,"stat.pickup.minecraft.cooked_beef":1,"stat.craftItem.minecraft.stick":12,"stat.pickup.minecraft.gold_ingot":2,"stat.pickup.srparasites.bone":2,"stat.useItem.minecraft.stone_slab":13,"stat.drop.dynamictrees.oakseed":16,"stat.craftItem.minecraft.planks":120,"stat.entityKilledBy.Wolf":2,"stat.mineBlock.minecraft.crafting_table":2,"stat.mobKills":20,"stat.pickup.dynamictrees.oakseed":69,"stat.mineBlock.minecraft.log":4,"stat.mineBlock.minecraft.oak_stairs":4,"stat.deaths":6,"stat.mineBlock.minecraft.planks":12,"stat.drop":10,"stat.playOneMinute":55610,"stat.pickup.minecraft.torch":27,"stat.pickup.minecraft.red_flower":7,"stat.useItem.minecraft.ladder":2,"stat.sneakTime":10612,"stat.pickup.minecraft.stone_slab":7,"stat.mineBlock.minecraft.stone":120,"stat.mineBlock.minecraft.tallgrass":13,"stat.pickup.minecraft.chest":1}