{"stat.chestOpened":2,"stat.craftItem.minecraft.stone_shovel":1,"stat.walkOneCm":51458,"stat.useItem.minecraft.torch":19,"stat.drop.gravestone.death_info":2,"stat.pickup.minecraft.stick":50,"stat.drop.minecraft.wooden_pickaxe":1,"stat.leaveGame":2,"stat.pickup.minecraft.crafting_table":2,"stat.craftItem.minecraft.cooked_porkchop":16,"stat.pickup.minecraft.stone_pickaxe":1,"stat.useItem.minecraft.cobblestone":3,"stat.craftItem.minecraft.crafting_table":1,"stat.pickup.minecraft.stone_axe":1,"stat.furnaceInteraction":6,"stat.useItem.minecraft.cooked_porkchop":4,"stat.mineBlock.minecraft.double_plant":1,"stat.mineBlock.minecraft.coal_ore":22,"stat.talkedToVillager":1,"stat.pickup.minecraft.flower_pot":1,"stat.pickup.minecraft.log":61,"stat.jump":473,"stat.swimOneCm":3539,"stat.pickup.minecraft.coal":22,"stat.fallOneCm":5988,"stat.useItem.minecraft.planks":6,"stat.pickup.quark.ancient_tome":1,"stat.useItem.minecraft.stone_axe":34,"stat.craftItem.minecraft.stone_slab2":0,"stat.pickup.minecraft.porkchop":18,"stat.pickup.minecraft.gunpowder":5,"stat.crouchOneCm":9662,"stat.mineBlock.gravestone.gravestone":2,"stat.mineBlock.minecraft.chest":1,"stat.craftItem.minecraft.torch":8,"stat.pickup.minecraft.dirt":19,"stat.sprintOneCm":32731,"stat.useItem.minecraft.stone_slab2":6,"stat.craftItem.minecraft.stick":8,"stat.craftingTableInteraction":11,"stat.pickup.minecraft.gold_ingot":1,"stat.pickup.minecraft.rotten_flesh":1,"stat.craftItem.minecraft.planks":120,"stat.entityKilledBy.Wolf":1,"stat.craftItem.minecraft.stone_axe":1,"stat.pickup.minecraft.wooden_pickaxe":1,"stat.damageTaken":1044,"stat.mineBlock.minecraft.crafting_table":1,"stat.craftItem.minecraft.wooden_button":1,"stat.craftItem.minecraft.stone_pickaxe":2,"stat.mineBlock.minecraft.torch":15,"stat.useItem.minecraft.wooden_pickaxe":3,"stat.pickup.minecraft.cobblestone":118,"stat.mobKills":10,"stat.pickup.dynamictrees.oakseed":37,"stat.mineBlock.minecraft.log":2,"stat.pickup.minecraft.planks":29,"stat.pickup.minecraft.reeds":4,"stat.mineBlock.minecraft.oak_stairs":2,"stat.useItem.minecraft.stone_shovel":16,"stat.flyOneCm":61086,"stat.deaths":2,"stat.mineBlock.minecraft.planks":5,"stat.drop":3,"stat.pickup.minecraft.wheat_seeds":2,"stat.playOneMinute":20966,"stat.pickup.minecraft.torch":15,"stat.useItem.minecraft.stone_pickaxe":137,"stat.pickup.minecraft.red_flower":1,"stat.sneakTime":4102,"stat.pickup.quark.tallow":17,"stat.killEntity.Villager":1,"stat.damageDealt":1146,"stat.sleepInBed":1,"stat.timeSinceDeath":13422,"stat.mineBlock.minecraft.dirt":18,"stat.craftItem.minecraft.wooden_pickaxe":1,"stat.mineBlock.minecraft.stone":113,"stat.killEntity.Pig":9,"stat.mineBlock.minecraft.tallgrass":7,"stat.pickup.minecraft.chest":1}