{"stat.leaveGame":2,"stat.mineBlock.minecraft.cobblestone":3,"stat.mineBlock.minecraft.yellow_flower":1,"stat.pickup.spartanweaponry.longsword_stone":1,"stat.swimOneCm":1384,"stat.useItem.minecraft.planks":23,"stat.pickup.quark.ancient_tome":1,"stat.mineBlock.gravestone.gravestone":1,"stat.useItem.minecraft.stone_slab2":9,"stat.pickup.minecraft.rotten_flesh":1,"stat.pickup.minecraft.diamond_horse_armor":1,"stat.craftItem.minecraft.furnace":1,"stat.craftItem.minecraft.stone_axe":1,"stat.pickup.minecraft.bucket":1,"stat.craftItem.minecraft.stone_pickaxe":1,"stat.pickup.minecraft.cobblestone":46,"stat.flyOneCm":46840,"stat.pickup.dynamictrees.spruceseed":1,"stat.craftItem.toughasnails.campfire":1,"stat.pickup.minecraft.redstone":2,"stat.timeSinceDeath":19835,"stat.craftItem.minecraft.wooden_pickaxe":1,"stat.pickup.minecraft.mutton":11,"stat.craftItem.minecraft.bed":1,"stat.drop.gravestone.death_info":1,"stat.pickup.minecraft.stonebrick":1,"stat.furnaceInteraction":8,"stat.mineBlock.minecraft.coal_ore":32,"stat.pickup.minecraft.string":26,"stat.pickup.minecraft.beef":1,"stat.useItem.minecraft.cooked_mutton":4,"stat.pickup.minecraft.furnace":1,"stat.craftItem.minecraft.stone_slab2":0,"stat.sprintOneCm":63034,"stat.mineBlock.minecraft.crafting_table":2,"stat.pickup.minecraft.pumpkin_seeds":3,"stat.pickup.dynamictrees.oakseed":7,"stat.deaths":1,"stat.drop":3,"stat.playOneMinute":22523,"stat.killEntity.Sheep":8,"stat.killEntity.Zombie":2,"stat.craftItem.minecraft.cooked_mutton":11,"stat.diveOneCm":334,"stat.chestOpened":1,"stat.jump":392,"stat.pickup.minecraft.coal":37,"stat.fallOneCm":5612,"stat.pickup.minecraft.iron_ingot":1,"stat.useItem.minecraft.stone_axe":25,"stat.pickup.minecraft.gunpowder":5,"stat.crouchOneCm":10614,"stat.mineBlock.minecraft.chest":2,"stat.craftItem.minecraft.torch":32,"stat.pickup.minecraft.dirt":4,"stat.useItem.minecraft.cooked_chicken":1,"stat.craftingTableInteraction":13,"stat.useItem.spartanweaponry.longsword_stone":3,"stat.damageTaken":501,"stat.pickup.minecraft.feather":3,"stat.pickup.minecraft.leather":2,"stat.mineBlock.minecraft.furnace":1,"stat.mineBlock.minecraft.torch":2,"stat.useItem.minecraft.wooden_pickaxe":6,"stat.pickup.minecraft.planks":26,"stat.mineBlock.minecraft.gravel":1,"stat.useItem.minecraft.stone_pickaxe":76,"stat.damageDealt":1379,"stat.sleepInBed":1,"stat.killEntity.Cow":1,"stat.mineBlock.minecraft.dirt":4,"stat.drop.minecraft.stick":1,"stat.walkOneCm":62558,"stat.useItem.minecraft.torch":16,"stat.pickup.dynamictrees.birchseed":12,"stat.pickup.minecraft.stick":19,"stat.pickup.minecraft.crafting_table":2,"stat.useItem.minecraft.cobblestone":12,"stat.craftItem.minecraft.crafting_table":1,"stat.pickup.minecraft.log":26,"stat.drop.minecraft.planks":26,"stat.pickup.minecraft.chicken":3,"stat.craftItem.minecraft.planks":56,"stat.killEntity.Chicken":3,"stat.mobKills":15,"stat.craftItem.minecraft.cooked_chicken":3,"stat.pickup.minecraft.iron_horse_armor":1,"stat.pickup.minecraft.torch":2,"stat.sneakTime":3586,"stat.pickup.minecraft.wool":14,"stat.pickup.minecraft.yellow_flower":1,"stat.mineBlock.minecraft.stone":42,"stat.pickup.minecraft.chest":2}