{"stat.pickup.minecraft.bone":4,"stat.leaveGame":2,"stat.mineBlock.minecraft.cobblestone":9,"stat.pickup.minecraft.flint":1,"stat.mineBlock.minecraft.yellow_flower":1,"stat.pickup.spartanweaponry.longsword_stone":1,"stat.mineBlock.charm.crate_sealed":1,"stat.swimOneCm":1748,"stat.useItem.minecraft.planks":34,"stat.craftItem.minecraft.shield":1,"stat.pickup.quark.ancient_tome":1,"stat.useItem.spartanweaponry.rapier_iron":10,"stat.mineBlock.quark.roots":2,"stat.mineBlock.gravestone.gravestone":1,"stat.useItem.minecraft.stone_slab2":16,"stat.pickup.minecraft.rotten_flesh":2,"stat.pickup.minecraft.diamond_horse_armor":1,"stat.craftItem.minecraft.furnace":3,"stat.craftItem.minecraft.stone_axe":1,"stat.craftItem.minecraft.iron_boots":1,"stat.pickup.minecraft.bucket":1,"stat.craftItem.minecraft.stone_pickaxe":2,"stat.craftItem.minecraft.cooked_beef":5,"stat.pickup.minecraft.cobblestone":101,"stat.flyOneCm":70869,"stat.pickup.dynamictrees.spruceseed":1,"stat.pickup.quark.rune":1,"stat.craftItem.toughasnails.campfire":1,"stat.drop.toughasnails.ice_cube":1,"stat.useItem.minecraft.cooked_beef":4,"stat.pickup.minecraft.redstone":2,"stat.mineBlock.minecraft.iron_ore":45,"stat.timeSinceDeath":43536,"stat.useItem.minecraft.iron_pickaxe":129,"stat.craftItem.minecraft.wooden_pickaxe":1,"stat.pickup.minecraft.mutton":15,"stat.pickup.minecraft.mossy_cobblestone":7,"stat.craftItem.minecraft.bed":1,"stat.drop.gravestone.death_info":1,"stat.pickup.minecraft.stonebrick":5,"stat.furnaceInteraction":49,"stat.craftItem.spartanweaponry.material":1,"stat.mineBlock.minecraft.coal_ore":100,"stat.pickup.srparasites.lurecomponent1":2,"stat.pickup.minecraft.string":36,"stat.pickup.minecraft.beef":6,"stat.useItem.minecraft.cooked_mutton":11,"stat.pickup.minecraft.furnace":4,"stat.useItem.minecraft.redstone":1,"stat.craftItem.minecraft.stone_slab2":0,"stat.sprintOneCm":108233,"stat.craftItem.minecraft.stick":8,"stat.mineBlock.minecraft.crafting_table":5,"stat.pickup.minecraft.pumpkin_seeds":3,"stat.pickup.dynamictrees.oakseed":7,"stat.deaths":1,"stat.drop":4,"stat.playOneMinute":46224,"stat.killEntity.Sheep":8,"stat.craftItem.minecraft.iron_pickaxe":1,"stat.killEntity.Zombie":3,"stat.craftItem.minecraft.cooked_mutton":15,"stat.diveOneCm":1314,"stat.chestOpened":1,"stat.mineBlock.minecraft.mossy_cobblestone":8,"stat.craftItem.spartanweaponry.rapier_iron":1,"stat.pickup.minecraft.gravel":1,"stat.pickup.minecraft.arrow":2,"stat.jump":660,"stat.pickup.minecraft.coal":123,"stat.fallOneCm":10232,"stat.pickup.minecraft.iron_ingot":2,"stat.useItem.minecraft.stone_axe":32,"stat.pickup.minecraft.melon_seeds":2,"stat.pickup.minecraft.gunpowder":5,"stat.crouchOneCm":21337,"stat.mineBlock.minecraft.chest":3,"stat.craftItem.minecraft.torch":44,"stat.craftItem.minecraft.iron_ingot":43,"stat.pickup.minecraft.dirt":4,"stat.craftItem.minecraft.iron_helmet":1,"stat.useItem.minecraft.cooked_chicken":3,"stat.craftingTableInteraction":26,"stat.pickup.minecraft.iron_ore":45,"stat.useItem.spartanweaponry.longsword_stone":26,"stat.damageTaken":1475,"stat.pickup.minecraft.feather":3,"stat.pickup.minecraft.leather":2,"stat.mineBlock.minecraft.furnace":4,"stat.mineBlock.minecraft.torch":2,"stat.useItem.minecraft.wooden_pickaxe":6,"stat.useItem.minecraft.furnace":4,"stat.pickup.minecraft.planks":26,"stat.mineBlock.minecraft.gravel":3,"stat.useItem.minecraft.stone_pickaxe":134,"stat.craftItem.minecraft.iron_leggings":1,"stat.damageDealt":3142,"stat.sleepInBed":1,"stat.killEntity.Cow":1,"stat.mineBlock.quark.roots_blue_flower":1,"stat.mineBlock.minecraft.dirt":4,"stat.pickup.toughasnails.ice_cube":1,"stat.drop.minecraft.stick":1,"stat.walkOneCm":120497,"stat.useItem.minecraft.torch":32,"stat.pickup.dynamictrees.birchseed":14,"stat.pickup.minecraft.stick":19,"stat.pickup.minecraft.crafting_table":5,"stat.useItem.minecraft.cobblestone":23,"stat.craftItem.minecraft.crafting_table":2,"stat.useItem.minecraft.lava_bucket":12,"stat.pickup.minecraft.log":26,"stat.pickup.quark.root_flower":2,"stat.drop.minecraft.planks":26,"stat.craftItem.minecraft.iron_chestplate":1,"stat.pickup.minecraft.chicken":3,"stat.killEntity.Skeleton":1,"stat.mineBlock.minecraft.stonebrick":4,"stat.craftItem.minecraft.planks":88,"stat.killEntity.Chicken":3,"stat.mobKills":28,"stat.craftItem.minecraft.cooked_chicken":3,"stat.pickup.minecraft.iron_horse_armor":1,"stat.pickup.minecraft.beetroot_seeds":4,"stat.pickup.minecraft.torch":2,"stat.sneakTime":8854,"stat.pickup.minecraft.wool":14,"stat.pickup.minecraft.yellow_flower":1,"stat.mineBlock.minecraft.stone":94,"stat.pickup.minecraft.chest":3}