{"stat.pickup.minecraft.bone":5,"stat.useItem.minecraft.iron_axe":11,"stat.leaveGame":4,"stat.mineBlock.minecraft.cobblestone":12,"stat.pickup.minecraft.flint":1,"stat.mineBlock.minecraft.yellow_flower":1,"stat.craftItem.minecraft.iron_axe":1,"stat.mineBlock.srparasites.gore":4,"stat.pickup.spartanweaponry.longsword_stone":1,"stat.mineBlock.charm.crate_sealed":2,"stat.swimOneCm":15219,"stat.useItem.minecraft.planks":34,"stat.craftItem.minecraft.shield":1,"stat.pickup.quark.ancient_tome":1,"stat.useItem.spartanweaponry.rapier_iron":34,"stat.mineBlock.quark.roots":3,"stat.mineBlock.gravestone.gravestone":1,"stat.useItem.minecraft.stone_slab2":21,"stat.useItem.minecraft.water_bucket":3,"stat.pickup.minecraft.rotten_flesh":4,"stat.pickup.minecraft.diamond_horse_armor":1,"stat.craftItem.minecraft.furnace":3,"stat.craftItem.minecraft.stone_axe":1,"stat.craftItem.minecraft.iron_boots":1,"stat.pickup.minecraft.bucket":1,"stat.craftItem.minecraft.stone_pickaxe":2,"stat.craftItem.minecraft.cooked_beef":5,"stat.killEntity.Enderman":1,"stat.pickup.minecraft.cobblestone":136,"stat.flyOneCm":85155,"stat.pickup.dynamictrees.spruceseed":1,"stat.pickup.quark.rune":1,"stat.craftItem.toughasnails.campfire":1,"stat.drop.toughasnails.ice_cube":1,"stat.useItem.minecraft.cooked_beef":5,"stat.pickup.minecraft.redstone":2,"stat.mineBlock.minecraft.iron_ore":47,"stat.timeSinceDeath":54737,"stat.useItem.minecraft.iron_pickaxe":209,"stat.craftItem.minecraft.wooden_pickaxe":1,"stat.pickup.minecraft.mutton":15,"stat.pickup.minecraft.mossy_cobblestone":8,"stat.craftItem.minecraft.bed":1,"stat.drop.gravestone.death_info":1,"stat.pickup.minecraft.stonebrick":5,"stat.furnaceInteraction":50,"stat.craftItem.spartanweaponry.material":1,"stat.mineBlock.minecraft.coal_ore":130,"stat.pickup.srparasites.lurecomponent1":3,"stat.killEntity.Creeper":1,"stat.pickup.minecraft.string":38,"stat.pickup.minecraft.beef":6,"stat.useItem.minecraft.cooked_mutton":13,"stat.pickup.minecraft.furnace":7,"stat.useItem.minecraft.redstone":1,"stat.craftItem.minecraft.stone_slab2":0,"stat.sprintOneCm":122403,"stat.craftItem.minecraft.stick":24,"stat.mineBlock.minecraft.crafting_table":7,"stat.pickup.minecraft.pumpkin_seeds":3,"stat.pickup.dynamictrees.oakseed":7,"stat.deaths":1,"stat.drop":4,"stat.playOneMinute":57425,"stat.killEntity.Sheep":8,"stat.craftItem.minecraft.iron_pickaxe":1,"stat.killEntity.Zombie":4,"stat.mineBlock.minecraft.gold_ore":8,"stat.craftItem.minecraft.cooked_mutton":15,"stat.diveOneCm":4937,"stat.chestOpened":1,"stat.mineBlock.minecraft.mossy_cobblestone":10,"stat.craftItem.spartanweaponry.rapier_iron":1,"stat.pickup.minecraft.gravel":1,"stat.pickup.minecraft.arrow":3,"stat.mineBlock.quark.roots_black_flower":1,"stat.jump":818,"stat.pickup.minecraft.coal":153,"stat.fallOneCm":12771,"stat.pickup.minecraft.iron_ingot":2,"stat.useItem.minecraft.stone_axe":32,"stat.pickup.minecraft.melon_seeds":2,"stat.pickup.minecraft.gunpowder":7,"stat.crouchOneCm":25842,"stat.mineBlock.minecraft.chest":3,"stat.pickup.minecraft.spider_eye":1,"stat.craftItem.minecraft.torch":76,"stat.craftItem.minecraft.iron_ingot":43,"stat.pickup.minecraft.dirt":4,"stat.craftItem.minecraft.iron_helmet":1,"stat.useItem.quark.root_flower":3,"stat.useItem.minecraft.cooked_chicken":3,"stat.craftingTableInteraction":27,"stat.pickup.minecraft.iron_ore":50,"stat.pickup.minecraft.gold_ore":8,"stat.useItem.spartanweaponry.longsword_stone":26,"stat.damageTaken":1592,"stat.pickup.minecraft.feather":3,"stat.pickup.minecraft.leather":2,"stat.mineBlock.minecraft.furnace":7,"stat.mineBlock.minecraft.torch":2,"stat.useItem.minecraft.wooden_pickaxe":6,"stat.useItem.minecraft.furnace":4,"stat.pickup.minecraft.planks":26,"stat.mineBlock.minecraft.gravel":3,"stat.useItem.minecraft.stone_pickaxe":134,"stat.craftItem.minecraft.iron_leggings":1,"stat.damageDealt":4773,"stat.sleepInBed":1,"stat.killEntity.Cow":1,"stat.mineBlock.quark.roots_blue_flower":1,"stat.mineBlock.minecraft.dirt":4,"stat.pickup.toughasnails.ice_cube":1,"stat.drop.minecraft.stick":1,"stat.walkOneCm":150048,"stat.useItem.minecraft.torch":51,"stat.pickup.dynamictrees.birchseed":14,"stat.pickup.minecraft.stick":19,"stat.pickup.minecraft.crafting_table":7,"stat.useItem.minecraft.cobblestone":46,"stat.craftItem.minecraft.crafting_table":2,"stat.useItem.minecraft.lava_bucket":16,"stat.mineBlock.quark.stone_speleothem":3,"stat.pickup.minecraft.log":34,"stat.pickup.quark.root_flower":5,"stat.pickup.minecraft.iron_pickaxe":1,"stat.drop.minecraft.planks":26,"stat.craftItem.minecraft.iron_chestplate":1,"stat.pickup.minecraft.chicken":3,"stat.pickup.minecraft.ender_pearl":1,"stat.killEntity.Skeleton":3,"stat.mineBlock.minecraft.stonebrick":4,"stat.craftItem.minecraft.planks":88,"stat.killEntity.Chicken":3,"stat.killEntity.Spider":2,"stat.mobKills":37,"stat.mineBlock.minecraft.log":8,"stat.craftItem.minecraft.cooked_chicken":3,"stat.pickup.minecraft.iron_horse_armor":1,"stat.pickup.minecraft.beetroot_seeds":4,"stat.pickup.minecraft.torch":4,"stat.sneakTime":10569,"stat.pickup.minecraft.wool":14,"stat.pickup.minecraft.yellow_flower":1,"stat.mineBlock.minecraft.stone":123,"stat.pickup.minecraft.chest":3}