{"stat.pickup.minecraft.bone":14,"stat.useItem.minecraft.iron_axe":67,"stat.leaveGame":4,"stat.mineBlock.minecraft.cobblestone":20,"stat.pickup.minecraft.flint":1,"stat.mineBlock.minecraft.yellow_flower":2,"stat.craftItem.minecraft.iron_axe":1,"stat.mineBlock.srparasites.gore":5,"stat.craftItem.minecraft.wool":5,"stat.pickup.spartanweaponry.longsword_stone":1,"stat.mineBlock.charm.crate_sealed":3,"stat.swimOneCm":28775,"stat.useItem.minecraft.planks":100,"stat.craftItem.minecraft.shield":1,"stat.pickup.minecraft.enchanted_book":1,"stat.pickup.quark.ancient_tome":1,"stat.useItem.spartanweaponry.rapier_iron":125,"stat.drop.minecraft.cobblestone":1,"stat.pickup.minecraft.porkchop":25,"stat.mineBlock.quark.roots":5,"stat.mineBlock.gravestone.gravestone":2,"stat.useItem.minecraft.stone_slab2":30,"stat.pickup.spartanweaponry.rapier_iron":1,"stat.pickup.minecraft.iron_boots":1,"stat.useItem.minecraft.water_bucket":5,"stat.pickup.minecraft.rotten_flesh":19,"stat.pickup.minecraft.diamond_horse_armor":1,"stat.craftItem.minecraft.furnace":3,"stat.craftItem.minecraft.stone_axe":1,"stat.craftItem.minecraft.iron_boots":1,"stat.pickup.minecraft.bucket":1,"stat.craftItem.minecraft.stone_pickaxe":2,"stat.craftItem.minecraft.cooked_beef":24,"stat.killEntity.Enderman":2,"stat.pickup.minecraft.cobblestone":308,"stat.pickup.futuremc.sweet_berries":27,"stat.flyOneCm":195092,"stat.pickup.dynamictrees.spruceseed":1,"stat.useItem.minecraft.ender_pearl":1,"stat.pickup.quark.rune":2,"stat.craftItem.toughasnails.campfire":1,"stat.drop.toughasnails.ice_cube":1,"stat.useItem.minecraft.cooked_beef":16,"stat.drop.minecraft.clay_ball":8,"stat.pickup.quark.tallow":30,"stat.pickup.minecraft.redstone":64,"stat.mineBlock.minecraft.iron_ore":98,"stat.timeSinceDeath":26538,"stat.useItem.minecraft.iron_pickaxe":406,"stat.craftItem.minecraft.wooden_pickaxe":1,"stat.drop.minecraft.spider_eye":1,"stat.pickup.minecraft.mutton":29,"stat.pickup.minecraft.mossy_cobblestone":9,"stat.craftItem.minecraft.bed":1,"stat.drop.gravestone.death_info":3,"stat.pickup.minecraft.stonebrick":5,"stat.furnaceInteraction":72,"stat.drop.minecraft.dirt":4,"stat.craftItem.spartanweaponry.material":1,"stat.pickup.srparasites.lurecomponent2":3,"stat.mineBlock.minecraft.coal_ore":205,"stat.pickup.srparasites.lurecomponent1":6,"stat.killEntity.Creeper":1,"stat.pickup.minecraft.shield":1,"stat.pickup.minecraft.string":88,"stat.pickup.minecraft.beef":28,"stat.useItem.minecraft.cooked_mutton":15,"stat.pickup.minecraft.furnace":16,"stat.useItem.minecraft.redstone":1,"stat.craftItem.minecraft.stone_slab2":0,"stat.sprintOneCm":204161,"stat.pickup.minecraft.iron_chestplate":1,"stat.craftItem.minecraft.stick":24,"stat.mineBlock.minecraft.diamond_ore":3,"stat.mineBlock.minecraft.crafting_table":7,"stat.pickup.minecraft.pumpkin_seeds":3,"stat.pickup.minecraft.emerald":1,"stat.pickup.dynamictrees.oakseed":7,"stat.pickup.charm.totem_of_shielding":2,"stat.deaths":3,"stat.mineBlock.minecraft.planks":4,"stat.drop":12,"stat.playOneMinute":106025,"stat.killEntity.Sheep":19,"stat.craftItem.minecraft.iron_pickaxe":1,"stat.killEntity.Zombie":6,"stat.mineBlock.minecraft.gold_ore":9,"stat.craftItem.minecraft.cooked_mutton":15,"stat.mineBlock.minecraft.tallgrass":1,"stat.diveOneCm":10279,"stat.chestOpened":1,"stat.mineBlock.minecraft.mossy_cobblestone":10,"stat.craftItem.spartanweaponry.rapier_iron":1,"stat.pickup.minecraft.gravel":5,"stat.pickup.minecraft.arrow":10,"stat.mineBlock.quark.roots_black_flower":3,"stat.jump":1698,"stat.pickup.minecraft.coal":575,"stat.pickup.minecraft.iron_helmet":1,"stat.fallOneCm":37860,"stat.pickup.minecraft.iron_ingot":30,"stat.useItem.minecraft.stone_axe":32,"stat.pickup.minecraft.melon_seeds":2,"stat.pickup.minecraft.gunpowder":30,"stat.crouchOneCm":47551,"stat.mineBlock.minecraft.chest":3,"stat.pickup.minecraft.spider_eye":2,"stat.craftItem.minecraft.torch":100,"stat.craftItem.minecraft.iron_ingot":77,"stat.pickup.minecraft.dirt":15,"stat.craftItem.minecraft.iron_helmet":1,"stat.useItem.quark.root_flower":7,"stat.useItem.minecraft.cooked_chicken":3,"stat.craftingTableInteraction":36,"stat.pickup.minecraft.iron_ore":161,"stat.pickup.minecraft.gold_ore":10,"stat.mineBlock.minecraft.lapis_ore":6,"stat.useItem.spartanweaponry.longsword_stone":26,"stat.pickup.minecraft.iron_axe":1,"stat.damageTaken":2900,"stat.pickup.minecraft.feather":6,"stat.pickup.minecraft.leather":14,"stat.mineBlock.minecraft.furnace":13,"stat.mineBlock.minecraft.torch":4,"stat.useItem.minecraft.wooden_pickaxe":6,"stat.useItem.minecraft.furnace":8,"stat.pickup.srparasites.assimilated_flesh":7,"stat.pickup.minecraft.dye":64,"stat.pickup.minecraft.planks":51,"stat.pickup.minecraft.iron_leggings":1,"stat.mineBlock.minecraft.gravel":3,"stat.useItem.minecraft.stone_pickaxe":134,"stat.craftItem.minecraft.iron_leggings":1,"stat.damageDealt":10569,"stat.sleepInBed":1,"stat.killEntity.Cow":14,"stat.mineBlock.quark.roots_blue_flower":3,"stat.mineBlock.minecraft.dirt":10,"stat.killEntity.Pig":12,"stat.pickup.toughasnails.ice_cube":1,"stat.drop.minecraft.stick":1,"stat.walkOneCm":272943,"stat.useItem.minecraft.torch":83,"stat.playerKills":1,"stat.pickup.dynamictrees.birchseed":14,"stat.pickup.minecraft.stick":19,"stat.pickup.minecraft.crafting_table":7,"stat.pickup.minecraft.clay_ball":8,"stat.useItem.minecraft.cobblestone":174,"stat.craftItem.minecraft.crafting_table":3,"stat.useItem.minecraft.lava_bucket":24,"stat.mineBlock.quark.stone_speleothem":3,"stat.mineBlock.minecraft.emerald_ore":1,"stat.pickup.minecraft.log":118,"stat.pickup.quark.root_flower":11,"stat.pickup.minecraft.iron_pickaxe":2,"stat.craftItem.minecraft.gold_ingot":8,"stat.craftItem.usefulbackpacks.backpack":2,"stat.drop.minecraft.planks":26,"stat.craftItem.minecraft.iron_chestplate":1,"stat.pickup.minecraft.chicken":3,"stat.pickup.minecraft.ender_pearl":2,"stat.pickup.minecraft.gold_ingot":20,"stat.killEntity.Skeleton":4,"stat.mineBlock.minecraft.stonebrick":4,"stat.craftItem.minecraft.planks":272,"stat.killEntity.Chicken":3,"stat.killEntity.Spider":3,"stat.mobKills":97,"stat.mineBlock.minecraft.log":47,"stat.craftItem.minecraft.cooked_chicken":3,"stat.pickup.minecraft.diamond":6,"stat.pickup.minecraft.iron_horse_armor":1,"stat.pickup.minecraft.beetroot_seeds":4,"stat.mineBlock.minecraft.leaves":9,"stat.pickup.minecraft.torch":27,"stat.mineBlock.minecraft.redstone_ore":7,"stat.sneakTime":18185,"stat.pickup.minecraft.wool":29,"stat.pickup.minecraft.lava_bucket":1,"stat.pickup.minecraft.yellow_flower":1,"stat.killEntity.quark:ashen":1,"stat.mineBlock.minecraft.stone":160,"stat.pickup.minecraft.chest":6}