{"stat.drop.minecraft.waterlily":1,"stat.pickup.minecraft.wooden_slab":2,"stat.leaveGame":5,"stat.mineBlock.ebwizardry.crystal_flower":1,"stat.craftItem.minecraft.iron_axe":1,"stat.pickup.ebwizardry.spell_book":2,"stat.pickup.gravestone.death_info":2,"stat.drop.minecraft.trapdoor":2,"stat.craftItem.minecraft.shield":1,"stat.useItem.minecraft.planks":25,"stat.craftItem.waystones.waystone":1,"stat.pickup.minecraft.glowstone_dust":1,"stat.drop.dynamictrees.birchseed":3,"stat.mineBlock.byg.spruceleavesred":2,"stat.pickup.gb.glob":1,"stat.pickup.minecraft.porkchop":74,"stat.useItem.thermalfoundation.ore":1,"stat.mineBlock.gravestone.gravestone":5,"stat.useItem.minecraft.water_bucket":27,"stat.pickup.minecraft.rotten_flesh":25,"stat.mineBlock.gb.glucky_block":2,"stat.craftItem.minecraft.stone_axe":2,"stat.pickup.minecraft.bucket":1,"stat.killEntity.Enderman":2,"stat.craftItem.waystones.warp_stone":1,"stat.mineBlock.minecraft.wooden_slab":2,"stat.pickup.byg.salal_berry":6,"stat.craftItem.minecraft.stone_sword":1,"stat.craftItem.byg.tamrelitearmourboots":1,"stat.mineBlock.byg.scoria":372,"stat.killEntity.Witch":2,"stat.useItem.byg.tamrelitepickaxe":26,"stat.craftItem.spartanshields.shield_basic_wood":2,"stat.craftItem.thermalfoundation.tool.hammer_copper":2,"stat.useItem.minecraft.iron_pickaxe":2,"stat.craftItem.minecraft.wooden_pickaxe":2,"stat.pickup.minecraft.double_plant":1,"stat.drop.gravestone.death_info":4,"stat.craftItem.thermalfoundation.tool.excavator_iron":1,"stat.mineBlock.chisel.marble2":80,"stat.pickup.thermalfoundation.material":6,"stat.furnaceInteraction":128,"stat.mineBlock.minecraft.rail":1,"stat.killEntity.ZombieVillager":1,"stat.craftItem.ebwizardry.arcane_workbench":1,"stat.craftItem.thermalfoundation.material":26,"stat.craftItem.ebwizardry.magic_silk":4,"stat.pickup.minecraft.beef":97,"stat.useItem.minecraft.cooked_mutton":19,"stat.pickup.minecraft.furnace":52,"stat.useItem.thermalfoundation.tool.hammer_iron":299,"stat.useItem.minecraft.trapdoor":1,"stat.pickup.minecraft.iron_chestplate":9,"stat.craftItem.byg.tamrelitearmourlegs":1,"stat.useItem.byg.tamreliteshovel":50,"stat.drop.byg.scoria":7,"stat.pickup.minecraft.stone_stairs":2,"stat.mineBlock.minecraft.fence":3,"stat.craftItem.ebwizardry.magic_wand":1,"stat.pickup.dynamictrees.oakseed":32,"stat.useItem.minecraft.beef":1,"stat.mineBlock.minecraft.oak_stairs":1,"stat.deaths":7,"stat.pickup.minecraft.egg":2,"stat.playOneMinute":226046,"stat.drop.byg.redsprucesapling":1,"stat.craftItem.minecraft.iron_pickaxe":2,"stat.pickup.chisel.marble2":192,"stat.mineBlock.minecraft.tallgrass":41,"stat.craftItem.minecraft.cooked_mutton":19,"stat.chestOpened":226,"stat.craftItem.minecraft.carpet":3,"stat.pickup.minecraft.arrow":15,"stat.pickup.minecraft.waterlily":2,"stat.pickup.byg.tamrelitegem":8,"stat.pickup.minecraft.cooked_chicken":6,"stat.fallOneCm":97102,"stat.drop.minecraft.stone":17,"stat.pickup.chisel.basalt2":2,"stat.drop.minecraft.dye":7,"stat.crouchOneCm":25504,"stat.pickup.minecraft.rail":2,"stat.mineBlock.minecraft.chest":1,"stat.craftItem.minecraft.iron_ingot":78,"stat.craftItem.minecraft.chest":6,"stat.craftingTableInteraction":91,"stat.drop.byg.soapstone":4,"stat.useItem.chisel.marble2":2,"stat.pickup.minecraft.feather":217,"stat.useItem.minecraft.furnace":31,"stat.craftItem.minecraft.wooden_sword":1,"stat.craftItem.byg.tamreliteaxe":1,"stat.pickup.minecraft.dye":36,"stat.pickup.minecraft.planks":30,"stat.pickup.minecraft.iron_leggings":5,"stat.pickup.chisel.limestone2":15,"stat.pickup.minecraft.wheat_seeds":20,"stat.mineBlock.minecraft.gravel":59,"stat.useItem.minecraft.stone_pickaxe":139,"stat.useItem.minecraft.stone_sword":22,"stat.craftItem.minecraft.iron_leggings":1,"stat.craftItem.ebwizardry.wizard_handbook":1,"stat.useItem.minecraft.wool":1,"stat.mineBlock.minecraft.dirt":34,"stat.drop.minecraft.stick":16,"stat.useItem.minecraft.torch":176,"stat.useItem.minecraft.bread":2,"stat.drop.minecraft.rotten_flesh":4,"stat.pickup.minecraft.crafting_table":20,"stat.useItem.minecraft.cobblestone":381,"stat.pickup.byg.strawberry":4,"stat.craftItem.minecraft.crafting_table":5,"stat.mineBlock.minecraft.double_plant":1,"stat.craftItem.minecraft.boat":1,"stat.mineBlock.ebwizardry.crystal_ore":39,"stat.pickup.minecraft.log":199,"stat.pickup.minecraft.iron_pickaxe":5,"stat.drop.minecraft.iron_ore":4,"stat.pickup.usefulbackpacks.backpack":13,"stat.craftItem.usefulbackpacks.backpack":3,"stat.craftItem.minecraft.gold_ingot":3,"stat.drop.minecraft.planks":1,"stat.pickup.minecraft.chicken":9,"stat.craftItem.minecraft.bucket":1,"stat.craftItem.minecraft.planks":248,"stat.itemEnchanted":1,"stat.killEntity.Bonepile":1,"stat.pickup.minecraft.book":36,"stat.pickup.byg.redsprucesapling":1,"stat.craftItem.minecraft.paper":3,"stat.sneakTime":9317,"stat.pickup.minecraft.wool":56,"stat.drop.minecraft.bucket":1,"stat.useItem.minecraft.wooden_axe":29,"stat.pickup.minecraft.stone_slab":40,"stat.pickup.minecraft.yellow_flower":1,"stat.pickup.minecraft.chest":1,"stat.craftItem.minecraft.enchanting_table":1,"stat.pickup.minecraft.bone":31,"stat.useItem.minecraft.iron_axe":42,"stat.mineBlock.minecraft.cobblestone":52,"stat.pickup.minecraft.flint":4,"stat.mineBlock.byg.salal_bush":1,"stat.mineBlock.minecraft.brown_mushroom":1,"stat.craftItem.minecraft.wool":2,"stat.swimOneCm":61997,"stat.mineBlock.gb.gobber_ore":1,"stat.climbOneCm":29119,"stat.drop.minecraft.cobblestone":7,"stat.pickup.spartanshields.shield_basic_iron":3,"stat.pickup.minecraft.cooked_porkchop":32,"stat.useItem.minecraft.dirt":15,"stat.useItem.minecraft.stone_slab2":49,"stat.craftItem.epicfight.katana":1,"stat.pickup.minecraft.iron_boots":5,"stat.craftItem.minecraft.furnace":9,"stat.craftItem.minecraft.lapis_block":1,"stat.pickup.thermalfoundation.ore":201,"stat.useItem.minecraft.egg":2,"stat.pickup.minecraft.enchanting_table":1,"stat.craftItem.spartanshields.shield_basic_iron":1,"stat.craftItem.minecraft.iron_boots":1,"stat.craftItem.minecraft.trapdoor":2,"stat.craftItem.minecraft.stone_pickaxe":2,"stat.killEntity.Owlstack":15,"stat.craftItem.minecraft.cooked_beef":34,"stat.useItem.epicfight.katana":356,"stat.mineBlock.minecraft.obsidian":8,"stat.pickup.minecraft.cobblestone":1683,"stat.mineBlock.minecraft.carpet":1,"stat.useItem.minecraft.stone_shovel":22,"stat.mineBlock.chisel.limestone2":15,"stat.flyOneCm":561674,"stat.useItem.minecraft.cooked_beef":39,"stat.pickup.minecraft.redstone":89,"stat.mineBlock.minecraft.iron_ore":131,"stat.craftItem.minecraft.book":1,"stat.timeSinceDeath":1135,"stat.pickup.minecraft.mutton":55,"stat.craftItem.byg.tamrelitearmourbody":1,"stat.mineBlock.ebwizardry.arcane_workbench":1,"stat.pickup.ebwizardry.arcane_workbench":1,"stat.craftItem.minecraft.stonebrick":4,"stat.killEntity.ebwizardry:lightning_wraith":1,"stat.mineBlock.thermalfoundation.ore":202,"stat.mineBlock.minecraft.enchanting_table":1,"stat.drop.minecraft.dirt":4,"stat.useItem.minecraft.cooked_porkchop":13,"stat.pickup.ebwizardry.magic_crystal":96,"stat.pickup.minecraft.carpet":5,"stat.pickup.minecraft.trapdoor":1,"stat.mineBlock.minecraft.coal_ore":226,"stat.talkedToVillager":2,"stat.pickup.minecraft.string":9,"stat.craftItem.thermalfoundation.armor.helmet_lead":1,"stat.craftItem.ebwizardry.spell_book":1,"stat.mineBlock.minecraft.ladder":19,"stat.drop.usefulbackpacks.backpack":5,"stat.useItem.minecraft.milk_bucket":1,"stat.entityKilledBy.Skeleton":1,"stat.craftItem.minecraft.stone_slab2":0,"stat.pickup.thermalfoundation.tool.hammer_iron":3,"stat.drop.minecraft.oak_stairs":1,"stat.sprintOneCm":379589,"stat.mineBlock.minecraft.stone_slab":4,"stat.craftItem.minecraft.stick":172,"stat.craftItem.minecraft.wooden_axe":1,"stat.mineBlock.byg.tamreliteore":8,"stat.killEntity.ebwizardry:evil_wizard":3,"stat.useItem.byg.tamreliteaxe":27,"stat.useItem.minecraft.stone_slab":8,"stat.craftItem.minecraft.gold_nugget":9,"stat.craftItem.minecraft.stone":7,"stat.mineBlock.minecraft.diamond_ore":8,"stat.pickup.minecraft.grass":1,"stat.mineBlock.minecraft.crafting_table":13,"stat.useItem.minecraft.diamond_pickaxe":176,"stat.pickup.byg.salal_bush":1,"stat.mineBlock.minecraft.planks":13,"stat.pickup.thermalfoundation.armor.helmet_lead":6,"stat.drop":39,"stat.useItem.minecraft.wooden_sword":34,"stat.killEntity.Sheep":37,"stat.useItem.minecraft.ladder":74,"stat.craftItem.minecraft.diamond_pickaxe":1,"stat.killEntity.Zombie":16,"stat.craftItem.minecraft.dye":6,"stat.mineBlock.minecraft.gold_ore":6,"stat.diveOneCm":52139,"stat.pickup.minecraft.wheat":6,"stat.craftItem.minecraft.ladder":93,"stat.pickup.minecraft.gravel":55,"stat.craftItem.minecraft.cooked_porkchop":10,"stat.useItem.minecraft.waterlily":1,"stat.pickup.minecraft.obsidian":8,"stat.useItem.minecraft.carpet":3,"stat.pickup.byg.soapstone":148,"stat.jump":3907,"stat.pickup.minecraft.fence":2,"stat.pickup.minecraft.coal":607,"stat.pickup.minecraft.iron_ingot":21,"stat.useItem.minecraft.stone_axe":37,"stat.drop.minecraft.wooden_sword":1,"stat.pickup.minecraft.gunpowder":2,"stat.craftItem.byg.tamrelitepickaxe":1,"stat.pickup.minecraft.spider_eye":3,"stat.craftItem.minecraft.torch":232,"stat.pickup.byg.scoria":686,"stat.pickup.minecraft.dirt":38,"stat.craftItem.byg.tamrelitearmourhelmet":1,"stat.useItem.minecraft.cooked_chicken":6,"stat.pickup.minecraft.iron_ore":141,"stat.boatOneCm":65711,"stat.pickup.minecraft.gold_ore":6,"stat.mineBlock.minecraft.lapis_ore":3,"stat.pickup.minecraft.iron_axe":5,"stat.mineBlock.minecraft.stone_stairs":2,"stat.damageTaken":3883,"stat.pickup.minecraft.leather":105,"stat.mineBlock.byg.strawberrybush":2,"stat.mineBlock.minecraft.furnace":32,"stat.mineBlock.minecraft.torch":6,"stat.useItem.minecraft.wooden_pickaxe":6,"stat.pickup.ebwizardry.crystal_flower":1,"stat.pickup.minecraft.reeds":57,"stat.pickup.minecraft.oak_stairs":1,"stat.entityKilledBy.Zombie":2,"stat.damageDealt":23419,"stat.sleepInBed":1,"stat.killEntity.Cow":45,"stat.killEntity.Pig":35,"stat.craftItem.minecraft.stone_slab":12,"stat.craftItem.minecraft.stone_shovel":2,"stat.pickup.minecraft.boat":6,"stat.walkOneCm":433200,"stat.useItem.minecraft.chest":3,"stat.pickup.dynamictrees.birchseed":7,"stat.pickup.minecraft.stick":271,"stat.pickup.minecraft.diamond_pickaxe":4,"stat.mineBlock.chisel.basalt2":3,"stat.useItem.thermalfoundation.tool.hammer_copper":92,"stat.pickup.epicfight.katana":2,"stat.pickup.minecraft.stone":179,"stat.craftItem.minecraft.iron_chestplate":1,"stat.mineBlock.minecraft.wool":10,"stat.mineBlock.byg.salal_bush_ripe":3,"stat.pickup.minecraft.ender_pearl":8,"stat.pickup.minecraft.cooked_beef":5,"stat.pickup.minecraft.ladder":19,"stat.killEntity.Skeleton":14,"stat.mineBlock.minecraft.stonebrick":2,"stat.mineBlock.byg.soapstone":161,"stat.killEntity.Chicken":9,"stat.killEntity.Spider":6,"stat.mobKills":197,"stat.killEntity.Boulderer":4,"stat.mineBlock.minecraft.bookshelf":12,"stat.useItem.minecraft.boat":6,"stat.pickup.minecraft.water_bucket":4,"stat.pickup.minecraft.diamond":8,"stat.pickup.minecraft.torch":453,"stat.mineBlock.minecraft.redstone_ore":20,"stat.drop.minecraft.arrow":3,"stat.craftItem.byg.tamreliteshovel":1,"stat.craftItem.thermalfoundation.tool.hammer_iron":3,"stat.mineBlock.minecraft.stone":1404}