{"stat.pickup.minecraft.rotten_flesh":2,"stat.walkOneCm":44761,"stat.pickup.dynamictrees.birchseed":4,"stat.pickup.minecraft.stick":21,"stat.craftItem.minecraft.planks":48,"stat.leaveGame":1,"stat.craftItem.minecraft.stone_axe":1,"stat.pickup.minecraft.crafting_table":2,"stat.mineBlock.minecraft.crafting_table":2,"stat.damageTaken":70,"stat.pickup.minecraft.leather":4,"stat.craftItem.minecraft.crafting_table":1,"stat.craftItem.minecraft.stone_pickaxe":1,"stat.useItem.minecraft.wooden_pickaxe":9,"stat.pickup.minecraft.cobblestone":14,"stat.mobKills":4,"stat.pickup.dynamictrees.oakseed":30,"stat.pickup.minecraft.log":43,"stat.useItem.minecraft.rotten_flesh":2,"stat.flyOneCm":42560,"stat.pickup.minecraft.wheat_seeds":1,"stat.jump":206,"stat.swimOneCm":612,"stat.playOneMinute":9336,"stat.fallOneCm":2926,"stat.pickup.minecraft.beef":8,"stat.useItem.minecraft.stone_pickaxe":8,"stat.sneakTime":1456,"stat.useItem.minecraft.stone_axe":16,"stat.damageDealt":408,"stat.pickup.minecraft.stone":3,"stat.crouchOneCm":4589,"stat.timeSinceDeath":9336,"stat.killEntity.Cow":4,"stat.sprintOneCm":36876,"stat.useItem.minecraft.stone_slab2":2,"stat.craftItem.minecraft.wooden_pickaxe":1,"stat.mineBlock.minecraft.stone":17,"stat.mineBlock.minecraft.tallgrass":5,"stat.craftItem.minecraft.stick":8,"stat.craftingTableInteraction":4}