{"stat.pickup.spartanweaponry.club_wood":2,"stat.drop.toughasnails.purified_water_bottle":1,"stat.pickup.minecraft.gravel":2,"stat.leaveGame":2,"stat.useItem.minecraft.glass_bottle":4,"stat.pickup.minecraft.stone_pickaxe":1,"stat.pickup.minecraft.flint":1,"stat.mineBlock.toughasnails.campfire":1,"stat.pickup.minecraft.stone_axe":2,"stat.mineBlock.minecraft.yellow_flower":15,"stat.useItem.minecraft.apple":1,"stat.useItem.minecraft.potion":3,"stat.swimOneCm":14456,"stat.jump":330,"stat.fallOneCm":5602,"stat.useItem.minecraft.planks":2,"stat.useItem.minecraft.stone_axe":55,"stat.crouchOneCm":10877,"stat.pickup.minecraft.glass":3,"stat.pickup.spartanshields.shield_basic_wood":2,"stat.pickup.minecraft.dirt":5,"stat.useItem.minecraft.dirt":3,"stat.useItem.minecraft.stone_slab2":8,"stat.craftingTableInteraction":18,"stat.pickup.minecraft.rotten_flesh":1,"stat.pickup.minecraft.sand":66,"stat.craftItem.minecraft.furnace":1,"stat.pickup.minecraft.stone_shovel":2,"stat.craftItem.minecraft.stone_axe":1,"stat.pickup.minecraft.wooden_pickaxe":1,"stat.damageTaken":1016,"stat.useItem.spartanweaponry.club_wood":28,"stat.craftItem.minecraft.stone_pickaxe":1,"stat.mineBlock.minecraft.torch":1,"stat.useItem.minecraft.wooden_pickaxe":18,"stat.pickup.minecraft.cobblestone":271,"stat.pickup.minecraft.planks":51,"stat.useItem.minecraft.stone_shovel":2,"stat.pickup.minecraft.reeds":5,"stat.flyOneCm":57855,"stat.craftItem.minecraft.glass_bottle":3,"stat.mineBlock.minecraft.sand":19,"stat.craftItem.toughasnails.campfire":4,"stat.mineBlock.minecraft.gravel":2,"stat.useItem.minecraft.stone_pickaxe":131,"stat.useItem.toughasnails.campfire":2,"stat.craftItem.minecraft.glass":6,"stat.damageDealt":1041,"stat.timeSinceDeath":8817,"stat.craftItem.spartanshields.shield_basic_wood":1,"stat.craftItem.spartanweaponry.club_wood":1,"stat.mineBlock.minecraft.dirt":2,"stat.craftItem.minecraft.wooden_pickaxe":1,"stat.craftItem.minecraft.stone_slab":6,"stat.craftItem.minecraft.stone_shovel":1,"stat.walkOneCm":149158,"stat.pickup.minecraft.stick":2,"stat.craftItem.minecraft.crafting_table":1,"stat.furnaceInteraction":26,"stat.drop.minecraft.dirt":1,"stat.pickup.minecraft.log":59,"stat.craftItem.minecraft.stone_slab2":0,"stat.drop.minecraft.planks":2,"stat.drop.minecraft.sapling":1,"stat.pickup.minecraft.sapling":6,"stat.sprintOneCm":44737,"stat.mineBlock.minecraft.stone_slab":1,"stat.pickup.minecraft.apple":1,"stat.craftItem.minecraft.stick":12,"stat.useItem.minecraft.stone_slab":6,"stat.craftItem.minecraft.planks":80,"stat.craftItem.toughasnails.purified_water_bottle":1,"stat.pickup.minecraft.potion":2,"stat.mobKills":6,"stat.mineBlock.minecraft.log":46,"stat.deaths":4,"stat.drop":5,"stat.mineBlock.minecraft.leaves":10,"stat.playOneMinute":34596,"stat.pickup.minecraft.torch":1,"stat.sneakTime":3537,"stat.pickup.minecraft.stone_slab":6,"stat.pickup.minecraft.yellow_flower":30,"stat.mineBlock.minecraft.stone":146,"stat.mineBlock.minecraft.tallgrass":2,"stat.diveOneCm":22227}