{"stat.drop.minecraft.stone_pickaxe":1,"stat.chestOpened":2,"stat.walkOneCm":130504,"stat.pickup.dynamictrees.birchseed":4,"stat.pickup.minecraft.stick":21,"stat.useItem.minecraft.stone":4,"stat.leaveGame":1,"stat.pickup.minecraft.gravel":40,"stat.pickup.minecraft.crafting_table":2,"stat.craftItem.minecraft.cooked_porkchop":2,"stat.pickup.minecraft.wooden_pressure_plate":1,"stat.craftItem.minecraft.crafting_table":1,"stat.furnaceInteraction":17,"stat.pickup.minecraft.flint":1,"stat.useItem.minecraft.gravel":31,"stat.useItem.minecraft.cooked_porkchop":2,"stat.mineBlock.futuremc.cornflower":3,"stat.pickup.minecraft.log":43,"stat.useItem.minecraft.rotten_flesh":2,"stat.jump":528,"stat.swimOneCm":1479,"stat.pickup.minecraft.fence":1,"stat.fallOneCm":7497,"stat.pickup.minecraft.beef":8,"stat.useItem.minecraft.stone_axe":26,"stat.craftItem.minecraft.stone_slab2":0,"stat.pickup.minecraft.stone":5,"stat.pickup.minecraft.gunpowder":8,"stat.pickup.minecraft.porkchop":7,"stat.crouchOneCm":13975,"stat.craftItem.minecraft.iron_ingot":4,"stat.pickup.minecraft.dirt":11,"stat.sprintOneCm":44470,"stat.useItem.minecraft.stone_slab2":6,"stat.craftItem.minecraft.stick":8,"stat.craftingTableInteraction":10,"stat.pickup.minecraft.rotten_flesh":2,"stat.pickup.minecraft.sand":4,"stat.craftItem.minecraft.flint_and_steel":1,"stat.craftItem.minecraft.planks":48,"stat.pickup.futuremc.cornflower":3,"stat.craftItem.minecraft.stone_axe":2,"stat.mineBlock.minecraft.fence":1,"stat.mineBlock.minecraft.crafting_table":2,"stat.damageTaken":663,"stat.pickup.minecraft.leather":4,"stat.craftItem.minecraft.stone_pickaxe":1,"stat.mineBlock.minecraft.red_flower":5,"stat.useItem.minecraft.wooden_pickaxe":59,"stat.craftItem.minecraft.cooked_beef":7,"stat.pickup.minecraft.cobblestone":86,"stat.mobKills":9,"stat.pickup.dynamictrees.oakseed":30,"stat.pickup.minecraft.planks":1,"stat.flyOneCm":58875,"stat.pickup.minecraft.wheat_seeds":2,"stat.drop":1,"stat.mineBlock.minecraft.sand":5,"stat.playOneMinute":33636,"stat.pickup.minecraft.oak_stairs":2,"stat.craftItem.toughasnails.campfire":1,"stat.mineBlock.minecraft.gravel":43,"stat.useItem.minecraft.stone_pickaxe":26,"stat.pickup.minecraft.red_flower":5,"stat.useItem.minecraft.cooked_beef":3,"stat.sneakTime":4701,"stat.killEntity.Villager":1,"stat.pickup.quark.tallow":8,"stat.damageDealt":1071,"stat.timeSinceDeath":33636,"stat.killEntity.Cow":4,"stat.mineBlock.minecraft.dirt":11,"stat.craftItem.minecraft.wooden_pickaxe":1,"stat.mineBlock.minecraft.stone":86,"stat.killEntity.Pig":4,"stat.mineBlock.minecraft.tallgrass":8,"stat.diveOneCm":915}