{"stat.walkOneCm":51387,"stat.pickup.minecraft.stick":2,"stat.pickup.minecraft.gravel":6,"stat.leaveGame":1,"stat.pickup.minecraft.arrow":1,"stat.useItem.minecraft.glass_bottle":3,"stat.pickup.minecraft.stone_pickaxe":1,"stat.craftItem.minecraft.crafting_table":1,"stat.drop.minecraft.gravel":6,"stat.furnaceInteraction":7,"stat.mineBlock.minecraft.coal_ore":33,"stat.useItem.minecraft.potion":1,"stat.pickup.minecraft.log":5,"stat.useItem.minecraft.mutton":1,"stat.jump":491,"stat.swimOneCm":3175,"stat.pickup.minecraft.coal":32,"stat.fallOneCm":14569,"stat.useItem.minecraft.planks":5,"stat.useItem.minecraft.stone_axe":26,"stat.craftItem.minecraft.stone_slab2":0,"stat.crouchOneCm":6466,"stat.pickup.minecraft.spider_eye":1,"stat.sprintOneCm":43471,"stat.useItem.minecraft.stone_slab2":1,"stat.craftItem.minecraft.stick":8,"stat.craftingTableInteraction":5,"stat.pickup.minecraft.iron_ore":8,"stat.pickup.minecraft.sand":11,"stat.mineBlock.minecraft.cactus":1,"stat.craftItem.minecraft.planks":20,"stat.craftItem.minecraft.stone_axe":1,"stat.mineBlock.minecraft.log2":5,"stat.pickup.minecraft.wooden_pickaxe":1,"stat.damageTaken":859,"stat.killEntity.Spider":1,"stat.craftItem.minecraft.stone_pickaxe":1,"stat.useItem.minecraft.wooden_pickaxe":8,"stat.mobKills":15,"stat.pickup.minecraft.cobblestone":30,"stat.mineBlock.minecraft.log":5,"stat.pickup.minecraft.log2":10,"stat.pickup.minecraft.planks":10,"stat.flyOneCm":124554,"stat.craftItem.minecraft.glass_bottle":3,"stat.mineBlock.minecraft.planks":2,"stat.deaths":4,"stat.pickup.minecraft.glass_bottle":1,"stat.drop":7,"stat.pickup.minecraft.wheat_seeds":2,"stat.mineBlock.minecraft.sand":12,"stat.playOneMinute":19773,"stat.drop.minecraft.sand":1,"stat.mineBlock.minecraft.gravel":6,"stat.killEntity.Sheep":14,"stat.useItem.minecraft.stone_pickaxe":60,"stat.pickup.minecraft.cactus":4,"stat.sneakTime":2370,"stat.damageDealt":1288,"stat.craftItem.minecraft.glass":3,"stat.mineBlock.minecraft.iron_ore":4,"stat.timeSinceDeath":0,"stat.craftItem.minecraft.wooden_pickaxe":1,"stat.mineBlock.minecraft.stone":30,"stat.mineBlock.minecraft.tallgrass":4,"stat.pickup.minecraft.mutton":21,"stat.diveOneCm":2519}