{"stat.pickup.minecraft.bone":4,"stat.craftItem.minecraft.cooked_rabbit":1,"stat.leaveGame":2,"stat.mineBlock.minecraft.cobblestone":12,"stat.pickup.minecraft.flint":1,"stat.mineBlock.minecraft.yellow_flower":2,"stat.mineBlock.srparasites.gore":10,"stat.pickup.gravestone.death_info":2,"stat.swimOneCm":4016,"stat.useItem.minecraft.planks":11,"stat.drop.dynamictrees.birchseed":2,"stat.pickup.minecraft.porkchop":1,"stat.mineBlock.quark.roots":3,"stat.useItem.minecraft.dirt":6,"stat.useItem.minecraft.stone_slab2":11,"stat.pickup.minecraft.rotten_flesh":4,"stat.craftItem.minecraft.furnace":3,"stat.craftItem.minecraft.stone_axe":1,"stat.craftItem.minecraft.iron_boots":1,"stat.craftItem.minecraft.stone_pickaxe":3,"stat.craftItem.minecraft.cooked_beef":6,"stat.pickup.minecraft.cobblestone":208,"stat.craftItem.minecraft.stone_sword":1,"stat.flyOneCm":51226,"stat.useItem.minecraft.cooked_beef":1,"stat.mineBlock.minecraft.iron_ore":58,"stat.timeSinceDeath":46019,"stat.craftItem.minecraft.wooden_pickaxe":1,"stat.pickup.minecraft.mutton":3,"stat.pickup.minecraft.mossy_cobblestone":5,"stat.pickup.minecraft.stonebrick":10,"stat.furnaceInteraction":35,"stat.craftItem.spartanweaponry.material":8,"stat.mineBlock.minecraft.coal_ore":37,"stat.pickup.srparasites.lurecomponent1":5,"stat.killEntity.Creeper":1,"stat.pickup.minecraft.beef":9,"stat.useItem.minecraft.cooked_mutton":2,"stat.craftItem.minecraft.stone_slab2":0,"stat.craftItem.spartanweaponry.battleaxe_stone":1,"stat.sprintOneCm":69635,"stat.craftItem.minecraft.stick":8,"stat.mineBlock.minecraft.crafting_table":1,"stat.pickup.minecraft.pumpkin_seeds":6,"stat.pickup.dynamictrees.oakseed":5,"stat.useItem.minecraft.beef":1,"stat.drop":10,"stat.playOneMinute":46019,"stat.killEntity.Sheep":2,"stat.killEntity.Zombie":1,"stat.mineBlock.minecraft.tallgrass":5,"stat.craftItem.minecraft.cooked_mutton":3,"stat.diveOneCm":2392,"stat.mineBlock.minecraft.mossy_cobblestone":5,"stat.useItem.minecraft.cooked_rabbit":1,"stat.pickup.minecraft.gravel":3,"stat.drop.minecraft.cooked_beef":5,"stat.mineBlock.minecraft.ice":3,"stat.mineBlock.quark.roots_black_flower":2,"stat.useItem.minecraft.rotten_flesh":2,"stat.jump":445,"stat.pickup.minecraft.coal":39,"stat.fallOneCm":5359,"stat.useItem.minecraft.stone_axe":4,"stat.pickup.minecraft.melon_seeds":2,"stat.crouchOneCm":36223,"stat.craftItem.spartanweaponry.longsword_stone":2,"stat.craftItem.minecraft.torch":12,"stat.craftItem.minecraft.iron_ingot":35,"stat.pickup.minecraft.dirt":7,"stat.craftItem.minecraft.iron_helmet":1,"stat.craftingTableInteraction":22,"stat.pickup.minecraft.iron_ore":67,"stat.drop.spartanweaponry.battleaxe_stone":1,"stat.craftItem.spartanweaponry.halberd_stone":1,"stat.pickup.minecraft.wooden_pickaxe":1,"stat.pickup.minecraft.leather":1,"stat.damageTaken":237,"stat.useItem.minecraft.wooden_pickaxe":8,"stat.useItem.minecraft.furnace":2,"stat.pickup.srparasites.assimilated_flesh":2,"stat.mineBlock.minecraft.gravel":4,"stat.useItem.minecraft.stone_pickaxe":255,"stat.useItem.minecraft.stone_sword":19,"stat.useItem.spartanweaponry.halberd_stone":36,"stat.craftItem.minecraft.iron_leggings":1,"stat.damageDealt":2478,"stat.killEntity.Cow":6,"stat.mineBlock.minecraft.dirt":7,"stat.useItem.minecraft.crafting_table":1,"stat.pickup.toughasnails.ice_cube":1,"stat.walkOneCm":148499,"stat.useItem.minecraft.torch":9,"stat.pickup.dynamictrees.birchseed":4,"stat.pickup.minecraft.stick":21,"stat.drop.minecraft.rotten_flesh":2,"stat.pickup.minecraft.crafting_table":2,"stat.useItem.minecraft.cobblestone":75,"stat.craftItem.minecraft.crafting_table":2,"stat.pickup.minecraft.log":15,"stat.pickup.quark.root_flower":1,"stat.useItem.minecraft.yellow_flower":1,"stat.craftItem.minecraft.iron_chestplate":1,"stat.mineBlock.minecraft.stonebrick":10,"stat.craftItem.minecraft.planks":28,"stat.mobKills":21,"stat.pickup.minecraft.iron_horse_armor":1,"stat.pickup.minecraft.beetroot_seeds":4,"stat.pickup.minecraft.torch":1,"stat.sneakTime":11700,"stat.pickup.minecraft.wool":2,"stat.pickup.minecraft.rabbit":1,"stat.pickup.minecraft.yellow_flower":4,"stat.mineBlock.minecraft.stone":132}