{"stat.pickup.minecraft.bone":12,"stat.craftItem.minecraft.cooked_rabbit":1,"stat.leaveGame":2,"stat.mineBlock.minecraft.cobblestone":14,"stat.pickup.minecraft.stone_pickaxe":1,"stat.pickup.minecraft.flint":2,"stat.mineBlock.minecraft.yellow_flower":2,"stat.mineBlock.srparasites.gore":10,"stat.pickup.gravestone.death_info":4,"stat.useItem.spartanweaponry.greatsword_iron":54,"stat.swimOneCm":8019,"stat.useItem.minecraft.planks":29,"stat.pickup.spartanshields.shield_basic_iron":2,"stat.drop.dynamictrees.birchseed":2,"stat.pickup.minecraft.porkchop":1,"stat.mineBlock.quark.roots":7,"stat.mineBlock.gravestone.gravestone":1,"stat.useItem.minecraft.dirt":6,"stat.useItem.minecraft.stone_slab2":14,"stat.pickup.minecraft.iron_boots":1,"stat.pickup.minecraft.rotten_flesh":9,"stat.craftItem.minecraft.furnace":5,"stat.craftItem.minecraft.stone_axe":1,"stat.craftItem.spartanshields.shield_basic_iron":2,"stat.craftItem.minecraft.iron_boots":2,"stat.craftItem.minecraft.stone_pickaxe":3,"stat.craftItem.minecraft.cooked_beef":6,"stat.pickup.minecraft.cobblestone":410,"stat.mineBlock.minecraft.clay":1,"stat.craftItem.minecraft.stone_sword":1,"stat.flyOneCm":108422,"stat.killEntity.Witch":2,"stat.useItem.minecraft.cooked_beef":1,"stat.mineBlock.minecraft.iron_ore":99,"stat.timeSinceDeath":1044,"stat.craftItem.spartanshields.shield_basic_wood":2,"stat.useItem.minecraft.iron_pickaxe":136,"stat.craftItem.minecraft.wooden_pickaxe":1,"stat.pickup.minecraft.mutton":3,"stat.pickup.minecraft.mossy_cobblestone":10,"stat.useItem.quark.root":1,"stat.pickup.spartanweaponry.greatsword_iron":1,"stat.drop.gravestone.death_info":4,"stat.pickup.minecraft.stonebrick":20,"stat.furnaceInteraction":65,"stat.mineBlock.minecraft.rail":4,"stat.craftItem.spartanweaponry.material":8,"stat.useItem.minecraft.cooked_porkchop":1,"stat.mineBlock.minecraft.coal_ore":104,"stat.pickup.srparasites.lurecomponent3":2,"stat.pickup.srparasites.lurecomponent1":6,"stat.killEntity.Creeper":1,"stat.pickup.minecraft.string":4,"stat.pickup.spartanweaponry.material":3,"stat.pickup.minecraft.beef":11,"stat.useItem.minecraft.cooked_mutton":3,"stat.craftItem.minecraft.stone_slab2":0,"stat.craftItem.spartanweaponry.battleaxe_stone":1,"stat.sprintOneCm":142359,"stat.pickup.minecraft.iron_chestplate":3,"stat.craftItem.minecraft.stick":12,"stat.mineBlock.minecraft.crafting_table":2,"stat.pickup.minecraft.pumpkin_seeds":6,"stat.pickup.dynamictrees.oakseed":5,"stat.useItem.minecraft.beef":1,"stat.mineBlock.minecraft.planks":1,"stat.deaths":2,"stat.drop":17,"stat.playOneMinute":82019,"stat.killEntity.Sheep":2,"stat.craftItem.minecraft.iron_pickaxe":1,"stat.craftItem.spartanweaponry.greatsword_iron":1,"stat.killEntity.Zombie":2,"stat.drop.minecraft.iron_ingot":2,"stat.mineBlock.minecraft.gold_ore":7,"stat.mineBlock.minecraft.tallgrass":5,"stat.craftItem.minecraft.cooked_mutton":3,"stat.diveOneCm":6339,"stat.mineBlock.minecraft.mossy_cobblestone":5,"stat.useItem.minecraft.cooked_rabbit":1,"stat.pickup.minecraft.gravel":12,"stat.pickup.minecraft.arrow":4,"stat.drop.minecraft.cooked_beef":5,"stat.craftItem.minecraft.cooked_porkchop":1,"stat.mineBlock.minecraft.ice":3,"stat.pickup.minecraft.stone_axe":1,"stat.mineBlock.quark.roots_black_flower":2,"stat.useItem.minecraft.rotten_flesh":7,"stat.jump":902,"stat.pickup.minecraft.coal":163,"stat.pickup.minecraft.iron_helmet":2,"stat.fallOneCm":12695,"stat.pickup.minecraft.iron_ingot":4,"stat.useItem.minecraft.stone_axe":7,"stat.pickup.minecraft.melon_seeds":2,"stat.crouchOneCm":46753,"stat.craftItem.spartanweaponry.longsword_stone":2,"stat.pickup.minecraft.spider_eye":1,"stat.craftItem.minecraft.torch":12,"stat.craftItem.minecraft.iron_ingot":67,"stat.pickup.minecraft.dirt":42,"stat.craftItem.minecraft.iron_helmet":2,"stat.useItem.quark.root_flower":2,"stat.craftingTableInteraction":44,"stat.pickup.minecraft.iron_ore":123,"stat.drop.spartanweaponry.battleaxe_stone":1,"stat.pickup.minecraft.gold_ore":7,"stat.craftItem.nocubessrpsurvival.craterupterviscera":1,"stat.mineBlock.minecraft.lapis_ore":3,"stat.craftItem.spartanweaponry.halberd_stone":1,"stat.pickup.minecraft.wooden_pickaxe":3,"stat.pickup.minecraft.leather":1,"stat.damageTaken":1050,"stat.drop.minecraft.bone":6,"stat.useItem.minecraft.wooden_pickaxe":8,"stat.useItem.minecraft.furnace":3,"stat.pickup.srparasites.assimilated_flesh":4,"stat.pickup.minecraft.dye":34,"stat.pickup.minecraft.planks":2,"stat.pickup.minecraft.iron_leggings":1,"stat.mineBlock.minecraft.gravel":6,"stat.useItem.minecraft.stone_pickaxe":357,"stat.useItem.minecraft.stone_sword":19,"stat.useItem.spartanweaponry.halberd_stone":36,"stat.craftItem.minecraft.iron_leggings":2,"stat.damageDealt":5764,"stat.killEntity.Cow":6,"stat.mineBlock.minecraft.dirt":24,"stat.useItem.minecraft.crafting_table":1,"stat.pickup.toughasnails.ice_cube":1,"stat.walkOneCm":263805,"stat.useItem.minecraft.torch":9,"stat.pickup.dynamictrees.birchseed":4,"stat.pickup.minecraft.stick":23,"stat.drop.minecraft.rotten_flesh":2,"stat.pickup.minecraft.crafting_table":5,"stat.useItem.minecraft.cobblestone":75,"stat.craftItem.minecraft.crafting_table":2,"stat.mineBlock.minecraft.emerald_ore":1,"stat.pickup.minecraft.log":15,"stat.pickup.quark.root_flower":2,"stat.pickup.minecraft.iron_pickaxe":1,"stat.useItem.minecraft.yellow_flower":1,"stat.craftItem.minecraft.gold_ingot":7,"stat.craftItem.minecraft.iron_chestplate":2,"stat.pickup.spartanweaponry.halberd_stone":1,"stat.pickup.minecraft.gold_ingot":7,"stat.killEntity.Skeleton":1,"stat.mineBlock.minecraft.stonebrick":10,"stat.craftItem.minecraft.planks":60,"stat.pickup.quark.root":1,"stat.pickup.minecraft.stone_sword":1,"stat.mobKills":41,"stat.pickup.minecraft.iron_horse_armor":2,"stat.pickup.minecraft.beetroot_seeds":4,"stat.pickup.minecraft.torch":5,"stat.sneakTime":16197,"stat.pickup.minecraft.wool":3,"stat.pickup.minecraft.rabbit":1,"stat.pickup.minecraft.yellow_flower":4,"stat.mineBlock.minecraft.stone":237}