{"stat.drop.minecraft.stone_pickaxe":1,"stat.chestOpened":1,"stat.walkOneCm":85905,"stat.pickup.dynamictrees.birchseed":4,"stat.pickup.minecraft.stick":21,"stat.leaveGame":1,"stat.pickup.minecraft.gravel":11,"stat.pickup.minecraft.crafting_table":2,"stat.craftItem.minecraft.cooked_porkchop":2,"stat.pickup.minecraft.wooden_pressure_plate":1,"stat.craftItem.minecraft.crafting_table":1,"stat.furnaceInteraction":12,"stat.useItem.minecraft.cooked_porkchop":2,"stat.pickup.minecraft.log":43,"stat.useItem.minecraft.rotten_flesh":2,"stat.jump":358,"stat.swimOneCm":655,"stat.pickup.minecraft.fence":1,"stat.fallOneCm":4449,"stat.pickup.minecraft.beef":8,"stat.useItem.minecraft.stone_axe":26,"stat.craftItem.minecraft.stone_slab2":0,"stat.pickup.minecraft.stone":3,"stat.pickup.minecraft.gunpowder":8,"stat.pickup.minecraft.porkchop":7,"stat.crouchOneCm":11728,"stat.pickup.minecraft.dirt":5,"stat.sprintOneCm":36995,"stat.useItem.minecraft.stone_slab2":4,"stat.craftItem.minecraft.stick":8,"stat.craftingTableInteraction":8,"stat.pickup.minecraft.rotten_flesh":2,"stat.craftItem.minecraft.planks":48,"stat.craftItem.minecraft.stone_axe":1,"stat.mineBlock.minecraft.fence":1,"stat.mineBlock.minecraft.crafting_table":2,"stat.damageTaken":245,"stat.pickup.minecraft.leather":4,"stat.craftItem.minecraft.stone_pickaxe":1,"stat.useItem.minecraft.wooden_pickaxe":48,"stat.pickup.minecraft.cobblestone":70,"stat.mobKills":9,"stat.pickup.dynamictrees.oakseed":30,"stat.flyOneCm":43239,"stat.pickup.minecraft.wheat_seeds":1,"stat.drop":1,"stat.playOneMinute":21036,"stat.pickup.minecraft.oak_stairs":2,"stat.craftItem.toughasnails.campfire":1,"stat.mineBlock.minecraft.gravel":11,"stat.useItem.minecraft.stone_pickaxe":26,"stat.sneakTime":3894,"stat.killEntity.Villager":1,"stat.pickup.quark.tallow":8,"stat.damageDealt":1007,"stat.timeSinceDeath":21036,"stat.killEntity.Cow":4,"stat.mineBlock.minecraft.dirt":4,"stat.craftItem.minecraft.wooden_pickaxe":1,"stat.mineBlock.minecraft.stone":74,"stat.killEntity.Pig":4,"stat.mineBlock.minecraft.tallgrass":6,"stat.diveOneCm":128}