{"stat.craftItem.minecraft.stone_slab":6,"stat.craftItem.minecraft.stone_shovel":1,"stat.walkOneCm":101100,"stat.drop.toughasnails.purified_water_bottle":1,"stat.pickup.minecraft.gravel":1,"stat.useItem.minecraft.glass_bottle":4,"stat.craftItem.minecraft.crafting_table":1,"stat.furnaceInteraction":22,"stat.pickup.minecraft.flint":1,"stat.mineBlock.toughasnails.campfire":1,"stat.mineBlock.minecraft.yellow_flower":15,"stat.drop.minecraft.dirt":1,"stat.useItem.minecraft.potion":1,"stat.pickup.minecraft.log":46,"stat.swimOneCm":2883,"stat.jump":153,"stat.fallOneCm":1583,"stat.useItem.minecraft.planks":2,"stat.useItem.minecraft.stone_axe":48,"stat.craftItem.minecraft.stone_slab2":0,"stat.drop.minecraft.planks":2,"stat.crouchOneCm":7701,"stat.pickup.minecraft.sapling":2,"stat.pickup.minecraft.dirt":5,"stat.useItem.minecraft.dirt":3,"stat.sprintOneCm":20191,"stat.useItem.minecraft.stone_slab2":6,"stat.mineBlock.minecraft.stone_slab":1,"stat.craftItem.minecraft.stick":12,"stat.craftingTableInteraction":14,"stat.pickup.minecraft.sand":36,"stat.craftItem.minecraft.furnace":1,"stat.useItem.minecraft.stone_slab":2,"stat.craftItem.minecraft.planks":80,"stat.craftItem.toughasnails.purified_water_bottle":1,"stat.craftItem.minecraft.stone_axe":1,"stat.damageTaken":100,"stat.useItem.spartanweaponry.club_wood":1,"stat.craftItem.minecraft.stone_pickaxe":1,"stat.useItem.minecraft.wooden_pickaxe":10,"stat.pickup.minecraft.cobblestone":146,"stat.mineBlock.minecraft.log":46,"stat.useItem.minecraft.stone_shovel":2,"stat.flyOneCm":18775,"stat.craftItem.minecraft.glass_bottle":3,"stat.drop":4,"stat.mineBlock.minecraft.leaves":10,"stat.mineBlock.minecraft.sand":19,"stat.playOneMinute":22209,"stat.craftItem.toughasnails.campfire":4,"stat.mineBlock.minecraft.gravel":2,"stat.useItem.minecraft.stone_pickaxe":131,"stat.sneakTime":2405,"stat.useItem.toughasnails.campfire":2,"stat.craftItem.minecraft.glass":6,"stat.damageDealt":39,"stat.timeSinceDeath":22209,"stat.craftItem.spartanshields.shield_basic_wood":1,"stat.craftItem.spartanweaponry.club_wood":1,"stat.pickup.minecraft.stone_slab":1,"stat.pickup.minecraft.yellow_flower":15,"stat.mineBlock.minecraft.dirt":2,"stat.craftItem.minecraft.wooden_pickaxe":1,"stat.mineBlock.minecraft.stone":140,"stat.mineBlock.minecraft.tallgrass":2,"stat.diveOneCm":10029}