{"stat.leaveGame":4,"stat.pickup.gravestone.death_info":6,"stat.useItem.minecraft.mutton":1,"stat.useItem.minecraft.planks":29,"stat.drop.dynamictrees.birchseed":2,"stat.pickup.minecraft.porkchop":1,"stat.mineBlock.gravestone.gravestone":2,"stat.pickup.minecraft.rotten_flesh":9,"stat.craftItem.minecraft.stone_axe":1,"stat.craftItem.minecraft.stone_sword":1,"stat.killEntity.Witch":2,"stat.craftItem.spartanshields.shield_basic_wood":2,"stat.useItem.minecraft.iron_pickaxe":217,"stat.craftItem.minecraft.wooden_pickaxe":1,"stat.pickup.spartanweaponry.greatsword_iron":2,"stat.drop.gravestone.death_info":5,"stat.furnaceInteraction":90,"stat.mineBlock.minecraft.rail":4,"stat.craftItem.spartanweaponry.material":8,"stat.pickup.srparasites.lurecomponent3":2,"stat.pickup.srparasites.lurecomponent1":6,"stat.pickup.minecraft.beef":34,"stat.useItem.minecraft.cooked_mutton":3,"stat.pickup.minecraft.iron_chestplate":3,"stat.useItem.minecraft.flint_and_steel":3,"stat.pickup.minecraft.pumpkin_seeds":6,"stat.pickup.dynamictrees.oakseed":11,"stat.useItem.minecraft.beef":1,"stat.deaths":2,"stat.playOneMinute":106072,"stat.craftItem.minecraft.iron_pickaxe":1,"stat.drop.minecraft.iron_ingot":2,"stat.mineBlock.minecraft.tallgrass":5,"stat.craftItem.minecraft.cooked_mutton":3,"stat.useItem.minecraft.cooked_rabbit":1,"stat.useItem.minecraft.stone":1,"stat.pickup.minecraft.arrow":4,"stat.mineBlock.minecraft.ice":3,"stat.fallOneCm":17951,"stat.pickup.minecraft.melon_seeds":2,"stat.crouchOneCm":52841,"stat.craftItem.minecraft.iron_ingot":86,"stat.useItem.quark.root_flower":2,"stat.craftingTableInteraction":58,"stat.craftItem.nocubessrpsurvival.craterupterviscera":1,"stat.craftItem.spartanweaponry.halberd_stone":1,"stat.pickup.minecraft.wooden_pickaxe":4,"stat.drop.minecraft.bone":6,"stat.useItem.minecraft.furnace":6,"stat.pickup.minecraft.dye":34,"stat.pickup.minecraft.planks":2,"stat.pickup.minecraft.iron_leggings":1,"stat.mineBlock.minecraft.gravel":6,"stat.useItem.minecraft.stone_pickaxe":357,"stat.useItem.minecraft.stone_sword":19,"stat.craftItem.minecraft.iron_leggings":2,"stat.mineBlock.minecraft.dirt":41,"stat.pickup.toughasnails.ice_cube":1,"stat.useItem.minecraft.torch":9,"stat.drop.minecraft.rotten_flesh":2,"stat.pickup.minecraft.crafting_table":9,"stat.useItem.minecraft.cobblestone":75,"stat.craftItem.minecraft.crafting_table":2,"stat.mineBlock.minecraft.emerald_ore":1,"stat.pickup.minecraft.log":21,"stat.pickup.minecraft.iron_pickaxe":1,"stat.useItem.minecraft.yellow_flower":1,"stat.craftItem.minecraft.gold_ingot":7,"stat.drop.dynamictrees.oakseed":3,"stat.craftItem.minecraft.planks":64,"stat.pickup.quark.root":1,"stat.pickup.minecraft.stone_sword":1,"stat.sneakTime":18416,"stat.pickup.minecraft.wool":7,"stat.pickup.minecraft.rabbit":1,"stat.pickup.minecraft.yellow_flower":7,"stat.pickup.minecraft.bone":13,"stat.craftItem.minecraft.cooked_rabbit":1,"stat.mineBlock.minecraft.cobblestone":14,"stat.pickup.minecraft.stone_pickaxe":1,"stat.pickup.minecraft.flint":3,"stat.mineBlock.minecraft.yellow_flower":2,"stat.mineBlock.srparasites.gore":14,"stat.useItem.spartanweaponry.greatsword_iron":79,"stat.swimOneCm":17704,"stat.pickup.spartanshields.shield_basic_iron":2,"stat.mineBlock.quark.roots":7,"stat.useItem.minecraft.dirt":32,"stat.useItem.minecraft.stone_slab2":20,"stat.pickup.minecraft.iron_boots":1,"stat.craftItem.minecraft.furnace":10,"stat.craftItem.spartanshields.shield_basic_iron":2,"stat.craftItem.minecraft.iron_boots":2,"stat.craftItem.minecraft.stone_pickaxe":3,"stat.craftItem.minecraft.cooked_beef":22,"stat.pickup.minecraft.cobblestone":418,"stat.mineBlock.minecraft.clay":1,"stat.flyOneCm":153249,"stat.craftItem.toughasnails.campfire":1,"stat.useItem.minecraft.cooked_beef":5,"stat.mineBlock.minecraft.iron_ore":105,"stat.timeSinceDeath":25097,"stat.pickup.minecraft.mutton":4,"stat.pickup.minecraft.mossy_cobblestone":10,"stat.useItem.quark.root":1,"stat.pickup.minecraft.stonebrick":23,"stat.useItem.minecraft.cooked_porkchop":1,"stat.mineBlock.minecraft.coal_ore":104,"stat.killEntity.Creeper":2,"stat.pickup.minecraft.string":8,"stat.pickup.comforts.sleeping_bag":1,"stat.pickup.spartanweaponry.material":3,"stat.craftItem.minecraft.stone_slab2":0,"stat.craftItem.spartanweaponry.battleaxe_stone":1,"stat.sprintOneCm":171486,"stat.craftItem.minecraft.stick":12,"stat.mineBlock.minecraft.crafting_table":4,"stat.mineBlock.minecraft.planks":1,"stat.drop":22,"stat.killEntity.Sheep":3,"stat.craftItem.spartanweaponry.greatsword_iron":1,"stat.killEntity.Zombie":2,"stat.mineBlock.minecraft.gold_ore":7,"stat.diveOneCm":11015,"stat.mineBlock.minecraft.mossy_cobblestone":5,"stat.drop.minecraft.wooden_pickaxe":1,"stat.pickup.minecraft.gravel":12,"stat.drop.minecraft.cooked_beef":5,"stat.craftItem.minecraft.cooked_porkchop":1,"stat.pickup.minecraft.stone_axe":1,"stat.mineBlock.quark.roots_black_flower":2,"stat.useItem.minecraft.rotten_flesh":7,"stat.jump":1209,"stat.pickup.minecraft.coal":214,"stat.pickup.minecraft.iron_helmet":2,"stat.pickup.minecraft.iron_ingot":4,"stat.useItem.minecraft.stone_axe":17,"stat.craftItem.spartanweaponry.longsword_stone":2,"stat.pickup.minecraft.spider_eye":1,"stat.craftItem.minecraft.torch":12,"stat.pickup.minecraft.dirt":60,"stat.craftItem.minecraft.iron_helmet":2,"stat.craftItem.comforts.sleeping_bag":1,"stat.pickup.minecraft.iron_ore":129,"stat.drop.spartanweaponry.battleaxe_stone":1,"stat.pickup.minecraft.gold_ore":7,"stat.mineBlock.minecraft.lapis_ore":3,"stat.craftItem.minecraft.flint_and_steel":1,"stat.pickup.minecraft.leather":14,"stat.damageTaken":1226,"stat.mineBlock.minecraft.furnace":1,"stat.useItem.minecraft.wooden_pickaxe":11,"stat.pickup.srparasites.assimilated_flesh":6,"stat.useItem.spartanweaponry.halberd_stone":36,"stat.damageDealt":7985,"stat.killEntity.Cow":19,"stat.useItem.minecraft.crafting_table":4,"stat.walkOneCm":331014,"stat.pickup.dynamictrees.birchseed":4,"stat.pickup.minecraft.stick":31,"stat.pickup.quark.root_flower":2,"stat.pickup.minecraft.stone":63,"stat.craftItem.minecraft.iron_chestplate":2,"stat.pickup.spartanweaponry.halberd_stone":1,"stat.pickup.minecraft.gold_ingot":7,"stat.killEntity.Skeleton":2,"stat.mineBlock.minecraft.stonebrick":10,"stat.drop.minecraft.crafting_table":2,"stat.mobKills":62,"stat.craftItem.minecraft.shears":1,"stat.pickup.minecraft.iron_horse_armor":2,"stat.pickup.minecraft.beetroot_seeds":4,"stat.pickup.minecraft.torch":5,"stat.mineBlock.minecraft.stone":314}