{"stat.chestOpened":4,"stat.cakeSlicesEaten":3,"stat.drop.minecraft.mutton":2,"stat.mineBlock.minecraft.mossy_cobblestone":2,"stat.pickup.minecraft.bone":1,"stat.useItem.minecraft.stone":8,"stat.leaveGame":6,"stat.pickup.minecraft.arrow":6,"stat.mineBlock.ebwizardry.crystal_flower":17,"stat.mineBlock.minecraft.cobblestone":9,"stat.pickup.thermalfoundation.tool.pickaxe_copper":1,"stat.pickup.minecraft.stone_pickaxe":2,"stat.pickup.minecraft.stone_axe":2,"stat.pickup.ebwizardry.spell_book":1,"stat.entityKilledBy.Vex":1,"stat.pickup.gravestone.death_info":3,"stat.useItem.byg.salal_berry":2,"stat.jump":1208,"stat.swimOneCm":10934,"stat.pickup.minecraft.coal":426,"stat.craftItem.thermalfoundation.armor.legs_copper":1,"stat.pickup.minecraft.iron_helmet":1,"stat.fallOneCm":24994,"stat.useItem.minecraft.planks":35,"stat.pickup.minecraft.iron_ingot":12,"stat.mineBlock.gb.gobber_ore":5,"stat.mineBlock.ebwizardry.receptacle":1,"stat.useItem.minecraft.stone_axe":81,"stat.mineBlock.byg.spruceleavesred":1,"stat.pickup.gb.glob":37,"stat.drop.minecraft.wooden_door":2,"stat.crouchOneCm":19585,"stat.mineBlock.gravestone.gravestone":2,"stat.craftItem.minecraft.chest":1,"stat.craftItem.minecraft.torch":16,"stat.craftItem.minecraft.iron_ingot":36,"stat.pickup.spartanshields.shield_basic_wood":1,"stat.pickup.byg.scoria":42,"stat.pickup.minecraft.dirt":12,"stat.craftItem.minecraft.iron_helmet":1,"stat.useItem.minecraft.dirt":5,"stat.useItem.minecraft.stone_slab2":26,"stat.pickup.minecraft.bow":1,"stat.craftItem.comforts.sleeping_bag":1,"stat.pickup.minecraft.iron_boots":1,"stat.craftingTableInteraction":36,"stat.pickup.minecraft.iron_ore":73,"stat.craftItem.minecraft.furnace":3,"stat.pickup.thermalfoundation.ore":186,"stat.pickup.minecraft.map":2,"stat.craftItem.thermalfoundation.tool.pickaxe_copper":1,"stat.mineBlock.gb.glucky_block":7,"stat.craftItem.minecraft.stone_axe":2,"stat.craftItem.minecraft.iron_boots":1,"stat.pickup.minecraft.wooden_pickaxe":1,"stat.mineBlock.minecraft.log2":2,"stat.pickup.minecraft.leather":49,"stat.pickup.minecraft.feather":2,"stat.damageTaken":1007,"stat.pickup.ebwizardry.scroll":5,"stat.craftItem.spartanshields.shield_tower_stone":1,"stat.pickup.minecraft.bucket":3,"stat.craftItem.minecraft.stone_pickaxe":2,"stat.mineBlock.minecraft.furnace":5,"stat.mineBlock.minecraft.torch":1,"stat.useItem.minecraft.wooden_pickaxe":7,"stat.craftItem.minecraft.cooked_beef":10,"stat.useItem.minecraft.furnace":1,"stat.pickup.epicfight.greatsword":1,"stat.pickup.minecraft.cobblestone":367,"stat.pickup.byg.iris":1,"stat.pickup.ebwizardry.crystal_flower":35,"stat.pickup.minecraft.log2":2,"stat.pickup.byg.salal_berry":2,"stat.pickup.minecraft.planks":26,"stat.pickup.minecraft.reeds":14,"stat.mineBlock.chisel.limestone2":5,"stat.craftItem.minecraft.stone_sword":1,"stat.pickup.chisel.limestone2":5,"stat.flyOneCm":233318,"stat.useItem.thermalfoundation.tool.pickaxe_copper":12,"stat.craftItem.epicfight.greatsword":1,"stat.mineBlock.byg.scoria":38,"stat.useItem.chisel.limestone2":2,"stat.pickup.minecraft.fish":2,"stat.useItem.minecraft.stone_pickaxe":139,"stat.useItem.minecraft.cooked_beef":3,"stat.useItem.minecraft.stone_sword":23,"stat.pickup.thermalfoundation.armor.legs_copper":1,"stat.damageDealt":4410,"stat.pickup.minecraft.redstone":128,"stat.mineBlock.minecraft.iron_ore":63,"stat.mineBlock.byg.orangebirchleaves":1,"stat.timeSinceDeath":22262,"stat.craftItem.spartanshields.shield_basic_wood":1,"stat.killEntity.Cow":25,"stat.mineBlock.minecraft.dirt":6,"stat.craftItem.thermalfoundation.tool.hammer_copper":2,"stat.useItem.minecraft.iron_pickaxe":82,"stat.craftItem.minecraft.wooden_pickaxe":1,"stat.pickup.minecraft.mutton":19,"stat.pickup.minecraft.mossy_cobblestone":2,"stat.craftItem.ebwizardry.magic_crystal":36,"stat.walkOneCm":207926,"stat.useItem.minecraft.torch":3,"stat.useItem.minecraft.bread":1,"stat.pickup.dynamictrees.birchseed":10,"stat.drop.gravestone.death_info":3,"stat.pickup.minecraft.cake":3,"stat.pickup.minecraft.stick":70,"stat.mineBlock.chisel.marble2":33,"stat.pickup.minecraft.crafting_table":5,"stat.pickup.thermalfoundation.material":35,"stat.mineBlock.thermalfoundation.ore":108,"stat.useItem.minecraft.cobblestone":14,"stat.craftItem.minecraft.crafting_table":3,"stat.furnaceInteraction":46,"stat.pickup.ebwizardry.magic_crystal":51,"stat.drop.minecraft.wool":1,"stat.mineBlock.minecraft.coal_ore":163,"stat.mineBlock.ebwizardry.crystal_ore":5,"stat.craftItem.thermalfoundation.material":45,"stat.pickup.minecraft.log":96,"stat.pickup.minecraft.string":3,"stat.mineBlock.byg.iris":1,"stat.useItem.thermalfoundation.tool.hammer_copper":88,"stat.pickup.spartanshields.shield_tower_stone":1,"stat.useItem.epicfight.greatsword":8,"stat.pickup.minecraft.beef":96,"stat.pickup.minecraft.iron_pickaxe":1,"stat.useItem.minecraft.cooked_mutton":5,"stat.pickup.minecraft.furnace":8,"stat.pickup.thermalfoundation.tool.hammer_copper":1,"stat.mineBlock.ebwizardry.spruce_bookshelf":5,"stat.craftItem.minecraft.stone_slab2":0,"stat.drop.minecraft.planks":4,"stat.pickup.minecraft.stone":42,"stat.craftItem.minecraft.iron_chestplate":1,"stat.pickup.minecraft.chicken":2,"stat.mineBlock.byg.salal_bush_ripe":1,"stat.pickup.minecraft.sapling":2,"stat.sprintOneCm":169267,"stat.pickup.minecraft.wooden_door":3,"stat.pickup.ebwizardry.spruce_bookshelf":10,"stat.pickup.minecraft.iron_chestplate":1,"stat.pickup.minecraft.cooked_beef":4,"stat.craftItem.minecraft.stick":16,"stat.mineBlock.thermalfoundation.ore_fluid":5,"stat.killEntity.Skeleton":4,"stat.craftItem.spartanshields.shield_tower_wood":1,"stat.craftItem.minecraft.planks":92,"stat.mineBlock.byg.soapstone":48,"stat.killEntity.Chicken":1,"stat.mineBlock.minecraft.diamond_ore":2,"stat.mineBlock.minecraft.crafting_table":3,"stat.killEntity.Spider":1,"stat.pickup.minecraft.bread":1,"stat.pickup.minecraft.stone_sword":1,"stat.pickup.ebwizardry.receptacle":2,"stat.pickup.gb.globette":2,"stat.mobKills":38,"stat.killEntity.Boulderer":2,"stat.pickup.dynamictrees.oakseed":18,"stat.mineBlock.minecraft.log":1,"stat.useItem.minecraft.mossy_cobblestone":1,"stat.deaths":2,"stat.mineBlock.minecraft.planks":1,"stat.drop":12,"stat.pickup.minecraft.diamond":2,"stat.mineBlock.minecraft.leaves":6,"stat.playOneMinute":100642,"stat.pickup.minecraft.torch":20,"stat.killEntity.Sheep":5,"stat.mineBlock.minecraft.redstone_ore":15,"stat.sneakTime":6040,"stat.craftItem.minecraft.iron_pickaxe":1,"stat.pickup.minecraft.wool":8,"stat.mineBlock.minecraft.stone":326,"stat.pickup.chisel.marble2":58,"stat.mineBlock.minecraft.tallgrass":16,"stat.craftItem.minecraft.cooked_mutton":5,"stat.diveOneCm":9066,"stat.pickup.minecraft.cooked_mutton":2}