{"stat.pickup.minecraft.sand":11,"stat.walkOneCm":23388,"stat.craftItem.minecraft.planks":20,"stat.craftItem.minecraft.stone_axe":1,"stat.pickup.minecraft.gravel":6,"stat.mineBlock.minecraft.log2":5,"stat.craftItem.minecraft.crafting_table":1,"stat.craftItem.minecraft.stone_pickaxe":1,"stat.useItem.minecraft.wooden_pickaxe":8,"stat.pickup.minecraft.cobblestone":30,"stat.mobKills":9,"stat.mineBlock.minecraft.coal_ore":26,"stat.mineBlock.minecraft.log":5,"stat.pickup.minecraft.log2":5,"stat.pickup.minecraft.log":5,"stat.flyOneCm":35822,"stat.drop":1,"stat.pickup.minecraft.wheat_seeds":2,"stat.jump":192,"stat.mineBlock.minecraft.sand":12,"stat.swimOneCm":2443,"stat.playOneMinute":10657,"stat.pickup.minecraft.coal":26,"stat.fallOneCm":4983,"stat.drop.minecraft.sand":1,"stat.mineBlock.minecraft.gravel":6,"stat.killEntity.Sheep":9,"stat.useItem.minecraft.stone_pickaxe":52,"stat.sneakTime":1081,"stat.useItem.minecraft.stone_axe":16,"stat.damageDealt":720,"stat.crouchOneCm":2837,"stat.mineBlock.minecraft.iron_ore":4,"stat.timeSinceDeath":10657,"stat.sprintOneCm":19779,"stat.useItem.minecraft.stone_slab2":1,"stat.craftItem.minecraft.wooden_pickaxe":1,"stat.mineBlock.minecraft.stone":30,"stat.mineBlock.minecraft.tallgrass":3,"stat.pickup.minecraft.mutton":14,"stat.diveOneCm":2519,"stat.craftItem.minecraft.stick":8,"stat.craftingTableInteraction":2,"stat.pickup.minecraft.iron_ore":4}