{"stat.walkOneCm":57092,"stat.useItem.minecraft.torch":6,"stat.pickup.dynamictrees.birchseed":2,"stat.pickup.minecraft.stick":21,"stat.pickup.minecraft.gravel":3,"stat.mineBlock.minecraft.cobblestone":12,"stat.pickup.minecraft.crafting_table":1,"stat.useItem.minecraft.cobblestone":75,"stat.mineBlock.minecraft.ice":3,"stat.pickup.minecraft.stonebrick":2,"stat.craftItem.minecraft.crafting_table":1,"stat.pickup.minecraft.flint":1,"stat.mineBlock.minecraft.yellow_flower":1,"stat.craftItem.spartanweaponry.material":8,"stat.mineBlock.minecraft.coal_ore":28,"stat.pickup.gravestone.death_info":1,"stat.pickup.minecraft.log":15,"stat.jump":229,"stat.swimOneCm":1403,"stat.pickup.minecraft.coal":30,"stat.fallOneCm":2493,"stat.useItem.minecraft.planks":3,"stat.pickup.minecraft.beef":9,"stat.useItem.minecraft.stone_axe":4,"stat.crouchOneCm":22851,"stat.craftItem.spartanweaponry.longsword_stone":2,"stat.craftItem.minecraft.torch":8,"stat.pickup.minecraft.dirt":7,"stat.useItem.minecraft.dirt":6,"stat.craftItem.spartanweaponry.battleaxe_stone":1,"stat.sprintOneCm":39655,"stat.useItem.minecraft.stone_slab2":6,"stat.craftItem.minecraft.stick":8,"stat.craftingTableInteraction":11,"stat.pickup.minecraft.iron_ore":37,"stat.drop.spartanweaponry.battleaxe_stone":1,"stat.mineBlock.minecraft.stonebrick":3,"stat.craftItem.minecraft.planks":28,"stat.craftItem.spartanweaponry.halberd_stone":1,"stat.craftItem.minecraft.stone_axe":1,"stat.mineBlock.minecraft.crafting_table":1,"stat.pickup.minecraft.leather":1,"stat.damageTaken":10,"stat.craftItem.minecraft.stone_pickaxe":3,"stat.useItem.minecraft.wooden_pickaxe":8,"stat.mobKills":8,"stat.pickup.minecraft.cobblestone":182,"stat.pickup.dynamictrees.oakseed":5,"stat.craftItem.minecraft.stone_sword":1,"stat.flyOneCm":34663,"stat.drop":1,"stat.playOneMinute":22139,"stat.mineBlock.minecraft.gravel":4,"stat.killEntity.Sheep":2,"stat.useItem.minecraft.stone_pickaxe":183,"stat.sneakTime":7645,"stat.useItem.minecraft.stone_sword":19,"stat.pickup.minecraft.wool":2,"stat.damageDealt":790,"stat.mineBlock.minecraft.iron_ore":37,"stat.timeSinceDeath":22139,"stat.killEntity.Cow":6,"stat.pickup.minecraft.yellow_flower":1,"stat.mineBlock.minecraft.dirt":7,"stat.craftItem.minecraft.wooden_pickaxe":1,"stat.mineBlock.minecraft.stone":107,"stat.mineBlock.minecraft.tallgrass":5,"stat.diveOneCm":2109,"stat.pickup.minecraft.mutton":3,"stat.pickup.toughasnails.ice_cube":1}