{"stat.pickup.minecraft.sand":15,"stat.craftItem.minecraft.furnace":1,"stat.walkOneCm":40820,"stat.craftItem.minecraft.planks":80,"stat.craftItem.minecraft.stone_axe":1,"stat.damageTaken":10,"stat.craftItem.minecraft.crafting_table":1,"stat.furnaceInteraction":1,"stat.mineBlock.minecraft.yellow_flower":15,"stat.drop.minecraft.dirt":1,"stat.craftItem.minecraft.stone_pickaxe":1,"stat.useItem.minecraft.wooden_pickaxe":10,"stat.pickup.minecraft.cobblestone":89,"stat.mineBlock.minecraft.log":46,"stat.pickup.minecraft.log":46,"stat.flyOneCm":18113,"stat.drop":1,"stat.jump":108,"stat.mineBlock.minecraft.leaves":10,"stat.swimOneCm":2207,"stat.mineBlock.minecraft.sand":13,"stat.playOneMinute":10509,"stat.fallOneCm":1314,"stat.useItem.minecraft.stone_pickaxe":80,"stat.sneakTime":403,"stat.useItem.minecraft.stone_axe":48,"stat.crouchOneCm":1351,"stat.timeSinceDeath":10509,"stat.pickup.minecraft.sapling":2,"stat.pickup.minecraft.dirt":2,"stat.pickup.minecraft.yellow_flower":15,"stat.sprintOneCm":18313,"stat.mineBlock.minecraft.dirt":2,"stat.useItem.minecraft.stone_slab2":2,"stat.craftItem.minecraft.wooden_pickaxe":1,"stat.mineBlock.minecraft.stone":90,"stat.mineBlock.minecraft.tallgrass":2,"stat.diveOneCm":9203,"stat.craftItem.minecraft.stick":8,"stat.craftingTableInteraction":4}